{"type":"FeatureCollection","features":[{"type":"Feature","properties":{"id":"7f9e88226a98","title":"午后骑行","type":"cycling","distance_km":10.26,"province":"新疆","country":"中国"},"geometry":{"type":"LineString","coordinates":[[82.07719,44.903712],[82.07656,44.903007],[82.076069,44.902692],[82.070508,44.903807],[82.066709,44.896877],[82.066409,44.896881],[82.063694,44.897779],[82.063152,44.898079],[82.062209,44.898916],[82.062512,44.898373],[82.060882,44.897704],[82.060411,44.897375],[82.058554,44.895107],[82.057858,44.894045],[82.056932,44.894054],[82.057122,44.893877],[82.064776,44.893334],[82.061271,44.886961],[82.051719,44.887441],[82.051241,44.887583],[82.050823,44.887483],[82.050892,44.887237],[82.048984,44.88383],[82.047194,44.877917],[82.047033,44.873043],[82.04689,44.872816],[82.047045,44.872468],[82.046973,44.868411],[82.046791,44.868189],[82.046952,44.867731],[82.046923,44.866202],[82.046737,44.865906],[82.046916,44.865632],[82.046865,44.863462],[82.046701,44.863162],[82.046875,44.8629],[82.046841,44.862318],[82.046846,44.862799],[82.05442,44.857659],[82.056433,44.857623],[82.056345,44.857961],[82.056658,44.862715],[82.056533,44.862929],[82.056711,44.863337],[82.056696,44.865751],[82.056839,44.86612],[82.056906,44.867671],[82.056707,44.868031],[82.056098,44.868046],[82.05695,44.868114],[82.056919,44.868974],[82.056638,44.86933]]}},{"type":"Feature","properties":{"id":"15ed35ed6ce3","title":"特克斯八卦城","type":"cycling","distance_km":20.01,"province":"新疆","country":"中国"},"geometry":{"type":"LineString","coordinates":[[81.843053,43.218099],[81.843952,43.216891],[81.844969,43.217277],[81.845123,43.217245],[81.84662,43.215119],[81.846705,43.214736],[81.845381,43.20986],[81.844989,43.209447],[81.838828,43.206683],[81.838242,43.206588],[81.834344,43.207195],[81.831635,43.207697],[81.831215,43.207884],[81.82698,43.212385],[81.826824,43.212887],[81.828228,43.217164],[81.828769,43.218199],[81.82911,43.218227],[81.835882,43.220911],[81.839472,43.22062],[81.842714,43.220079],[81.843178,43.21985],[81.844826,43.217672],[81.845141,43.217429],[81.847918,43.218742],[81.848326,43.218896],[81.848533,43.218855],[81.850458,43.216286],[81.850673,43.215758],[81.850287,43.212066],[81.849127,43.207857],[81.848776,43.207505],[81.842118,43.204656],[81.839525,43.203625],[81.838818,43.203545],[81.828674,43.205141],[81.823156,43.211132],[81.822481,43.211939],[81.822419,43.212432],[81.82505,43.219664],[81.826309,43.220337],[81.831611,43.22243],[81.833678,43.223218],[81.834569,43.223389],[81.838995,43.223505],[81.840394,43.223445],[81.844936,43.222569],[81.845662,43.222194],[81.847494,43.220342],[81.850229,43.216647],[81.850454,43.21615],[81.846585,43.215042],[81.838326,43.214025],[81.837653,43.214552],[81.83663,43.214646],[81.8359,43.214196],[81.83574,43.213528],[81.835074,43.213635],[81.832129,43.213253],[81.83143,43.213274],[81.831289,43.213183],[81.833674,43.210346],[81.837922,43.209746],[81.83971,43.210449],[81.841689,43.21149],[81.842612,43.21445],[81.841794,43.215897],[81.840295,43.217317],[81.836302,43.21801],[81.83593,43.21796],[81.835597,43.217686],[81.832311,43.216195],[81.831328,43.213357],[81.831383,43.213105],[81.833598,43.213459],[81.835469,43.213563],[81.835843,43.213008],[81.837144,43.212755],[81.83808,43.213244],[81.838314,43.213855],[81.837706,43.214577],[81.836679,43.214787],[81.835959,43.214328],[81.835691,43.214324],[81.835497,43.213798],[81.835809,43.214508],[81.836849,43.214996],[81.83642,43.216296],[81.836228,43.21771],[81.836743,43.217928],[81.84028,43.217163],[81.841929,43.218954],[81.842201,43.21888],[81.842951,43.218221],[81.843203,43.218349]]}},{"type":"Feature","properties":{"id":"8491f551b275","title":"伊犁到乌鲁木齐","type":"driving","distance_km":664.33,"province":"新疆","country":"中国"},"geometry":{"type":"LineString","coordinates":[[83.845969,43.723647],[83.841503,43.721483],[83.839695,43.720901],[83.839824,43.720816],[83.858987,43.722396],[83.862585,43.722915],[83.865268,43.723497],[83.868006,43.724302],[83.871478,43.725568],[83.87272,43.725877],[83.87693,43.726213],[83.883039,43.727387],[83.887003,43.727902],[83.888365,43.727936],[83.900277,43.725899],[83.912438,43.721974],[83.913392,43.721583],[83.91415,43.721065],[83.916555,43.718328],[83.917946,43.717818],[83.918863,43.717806],[83.921778,43.718319],[83.927493,43.718813],[83.928348,43.719062],[83.931941,43.720591],[83.934244,43.721145],[83.942017,43.721955],[83.943591,43.722001],[83.944597,43.72189],[83.945614,43.721622],[83.955365,43.718238],[83.957308,43.717669],[83.970256,43.715402],[83.972204,43.715201],[83.974581,43.715132],[83.992324,43.714914],[84.004367,43.715349],[84.00902,43.71571],[84.020354,43.716965],[84.023721,43.717527],[84.027141,43.718284],[84.034623,43.721164],[84.036464,43.721738],[84.046074,43.723874],[84.049806,43.724311],[84.051921,43.724311],[84.054116,43.724137],[84.07548,43.721528],[84.077395,43.721232],[84.080647,43.720348],[84.085153,43.719764],[84.086352,43.719353],[84.088056,43.718045],[84.089707,43.717172],[84.091457,43.716434],[84.094115,43.71582],[84.097276,43.713915],[84.101855,43.712816],[84.102944,43.712426],[84.104278,43.711721],[84.105472,43.711315],[84.106136,43.710926],[84.107614,43.709671],[84.109912,43.709209],[84.110631,43.708944],[84.112378,43.707425],[84.113305,43.706962],[84.119139,43.705662],[84.122849,43.705016],[84.127064,43.703814],[84.132844,43.701722],[84.133991,43.70169],[84.136611,43.702114],[84.138771,43.701405],[84.138646,43.701213],[84.13823,43.701077],[84.13699,43.701065],[84.136587,43.700962],[84.134917,43.699307],[84.134444,43.69906],[84.13331,43.698749],[84.132838,43.698176],[84.132635,43.697555],[84.132868,43.6967],[84.132894,43.694283],[84.133308,43.693738],[84.132947,43.692965],[84.133024,43.691546],[84.133161,43.691717],[84.133053,43.691715],[84.133178,43.691684],[84.133015,43.691842],[84.132927,43.692907],[84.133169,43.693425],[84.132926,43.692888],[84.133074,43.691411],[84.133678,43.691584],[84.133722,43.691491],[84.133348,43.690658],[84.132317,43.689471],[84.13149,43.689024],[84.131065,43.689072],[84.130835,43.688979],[84.130413,43.688626],[84.130309,43.68881],[84.130094,43.688762],[84.130064,43.688873],[84.129926,43.688855],[84.128882,43.687663],[84.127697,43.686766],[84.126954,43.686948],[84.125422,43.686398],[84.122371,43.685592],[84.119925,43.684792],[84.117757,43.684588],[84.117189,43.684311],[84.116259,43.683515],[84.116,43.683198],[84.116026,43.682741],[84.115728,43.682282],[84.11396,43.68043],[84.114045,43.679291],[84.11383,43.679035],[84.113914,43.678858],[84.113636,43.678661],[84.11385,43.678295],[84.113917,43.67725],[84.11354,43.676613],[84.113076,43.676487],[84.112765,43.676122],[84.112734,43.674785],[84.113149,43.674541],[84.113263,43.673911],[84.113505,43.673831],[84.113737,43.673187],[84.113977,43.672965],[84.114308,43.67291],[84.114325,43.672631],[84.114039,43.672288],[84.113324,43.672062],[84.113189,43.671903],[84.11346,43.671963],[84.113315,43.671826],[84.113497,43.670718],[84.114232,43.670898],[84.113461,43.670766],[84.113386,43.671734],[84.1135,43.672063],[84.113389,43.671854],[84.112975,43.67199],[84.113888,43.671962],[84.113997,43.672245],[84.113685,43.672315],[84.114069,43.672449],[84.114322,43.672744],[84.114249,43.673013],[84.114006,43.672954],[84.113794,43.673094],[84.113492,43.673831],[84.11321,43.673995],[84.113168,43.674495],[84.112703,43.674822],[84.112784,43.676168],[84.113091,43.676472],[84.113577,43.676612],[84.113906,43.677256],[84.113836,43.678231],[84.113628,43.678641],[84.11394,43.678882],[84.113863,43.679065],[84.114046,43.679302],[84.113954,43.680338],[84.115798,43.682259],[84.11608,43.683471],[84.117389,43.684378],[84.117909,43.684576],[84.1204,43.684904],[84.126797,43.686952],[84.127798,43.686765],[84.129214,43.687968],[84.12983,43.688801],[84.130042,43.688905],[84.130071,43.688809],[84.130533,43.68875],[84.130985,43.689051],[84.131412,43.688989],[84.132281,43.689425],[84.132935,43.690129],[84.133024,43.690414],[84.13338,43.690687],[84.133749,43.691494],[84.133721,43.691578],[84.133223,43.69142],[84.132986,43.691582],[84.132921,43.692925],[84.13317,43.693413],[84.133027,43.693597],[84.133014,43.693458],[84.133154,43.693373],[84.133053,43.693432],[84.133173,43.693865],[84.132865,43.694333],[84.132867,43.696553],[84.132719,43.697376],[84.133041,43.698417],[84.133179,43.698656],[84.134802,43.699224],[84.136934,43.701077],[84.138476,43.701199],[84.138752,43.701319],[84.138765,43.701529],[84.138218,43.701777],[84.136718,43.702078],[84.1357,43.702064],[84.133472,43.701756],[84.132131,43.701885],[84.130809,43.702306],[84.126817,43.703944],[84.124981,43.704536],[84.122087,43.705246],[84.117233,43.706106],[84.112695,43.707269],[84.111778,43.707707],[84.109908,43.709308],[84.10909,43.709613],[84.106967,43.710086],[84.105351,43.711396],[84.104793,43.711706],[84.101319,43.713062],[84.096457,43.714282],[84.093353,43.71619],[84.090679,43.716824],[84.089321,43.717368],[84.087535,43.718324],[84.085861,43.719519],[84.084745,43.720002],[84.07978,43.720551],[84.076591,43.721408],[84.075175,43.721663],[84.06998,43.722192],[84.053403,43.724196],[84.051175,43.724354],[84.049363,43.724348],[84.047372,43.724179],[84.045238,43.723817],[84.035077,43.72139],[84.027768,43.71855],[84.026005,43.717977],[84.023887,43.717523],[84.019714,43.716875],[84.007274,43.71557],[84.002839,43.715287],[83.99067,43.714914],[83.97283,43.715203],[83.969486,43.715482],[83.956538,43.717879],[83.954743,43.718393],[83.945014,43.721762],[83.943004,43.722152],[83.941131,43.722075],[83.932877,43.720919],[83.930938,43.720364],[83.927783,43.718972],[83.926896,43.718712],[83.921672,43.718331],[83.91814,43.717851],[83.917373,43.717861],[83.916776,43.718033],[83.916272,43.71839],[83.913681,43.721478],[83.913052,43.721919],[83.912067,43.722353],[83.907574,43.723586],[83.899404,43.72618],[83.888143,43.727929],[83.8869,43.728003],[83.882438,43.72735],[83.876111,43.726127],[83.871592,43.725673],[83.870299,43.725343],[83.866774,43.72402],[83.86476,43.723396],[83.862331,43.722842],[83.859719,43.722444],[83.857068,43.722213],[83.852256,43.722003],[83.802193,43.717375],[83.78712,43.715713],[83.779067,43.714946],[83.772668,43.714143],[83.767044,43.713203],[83.75927,43.71237],[83.757434,43.711955],[83.752198,43.70988],[83.749352,43.709047],[83.741302,43.707771],[83.734156,43.706903],[83.730327,43.706693],[83.72305,43.706629],[83.698327,43.706072],[83.697193,43.706152],[83.688838,43.70744],[83.687181,43.707562],[83.686295,43.707497],[83.68401,43.706944],[83.68254,43.706766],[83.681352,43.706816],[83.678152,43.707304],[83.674404,43.707033],[83.669209,43.707182],[83.662098,43.705854],[83.660125,43.705683],[83.658622,43.705943],[83.654786,43.707566],[83.649541,43.709291],[83.645986,43.710067],[83.643497,43.710251],[83.642246,43.71015],[83.632561,43.708664],[83.627854,43.707502],[83.623573,43.706907],[83.619617,43.705805],[83.618291,43.705746],[83.614861,43.706081],[83.608813,43.705807],[83.607458,43.705617],[83.60428,43.704838],[83.602473,43.704732],[83.600835,43.704894],[83.596242,43.705725],[83.593974,43.705948],[83.590308,43.705956],[83.584454,43.705528],[83.583035,43.705553],[83.581789,43.705983],[83.580003,43.707832],[83.579353,43.70824],[83.578595,43.708527],[83.574922,43.70928],[83.569481,43.711028],[83.557629,43.712736],[83.553406,43.714308],[83.552305,43.714615],[83.551325,43.714694],[83.548981,43.714438],[83.547627,43.714503],[83.536897,43.717317],[83.523899,43.71923],[83.512835,43.721507],[83.507655,43.721769],[83.504345,43.72208],[83.498821,43.721013],[83.497532,43.72093],[83.496547,43.72102],[83.495103,43.721478],[83.491817,43.723303],[83.490403,43.723842],[83.489277,43.724016],[83.486399,43.72411],[83.484562,43.724326],[83.463733,43.728414],[83.462707,43.72873],[83.461794,43.729201],[83.460981,43.72978],[83.460272,43.730498],[83.459654,43.731613],[83.458961,43.734328],[83.458465,43.735014],[83.457925,43.735454],[83.456749,43.736036],[83.45249,43.737518],[83.450005,43.738526],[83.448511,43.739374],[83.445966,43.74118],[83.444622,43.741813],[83.424692,43.747751],[83.422711,43.748193],[83.420873,43.748135],[83.416076,43.747149],[83.411602,43.746435],[83.409781,43.746368],[83.407916,43.746611],[83.405864,43.747282],[83.403561,43.74831],[83.398226,43.751641],[83.396024,43.752769],[83.386783,43.756289],[83.385047,43.756789],[83.384068,43.756871],[83.382831,43.756754],[83.378441,43.755392],[83.377071,43.755154],[83.376265,43.755266],[83.374502,43.755977],[83.37365,43.756174],[83.365843,43.756683],[83.363875,43.756703],[83.358543,43.756338],[83.350003,43.756806],[83.347766,43.756822],[83.317294,43.753455],[83.313533,43.752818],[83.313396,43.752545],[83.313335,43.750452],[83.313929,43.747779],[83.313685,43.747076],[83.311925,43.744528],[83.311543,43.743598],[83.311624,43.739526],[83.311177,43.737364],[83.311496,43.735195],[83.31112,43.734288],[83.309173,43.73106],[83.308921,43.730327],[83.308962,43.729268],[83.309512,43.726558],[83.309481,43.7257],[83.307979,43.722885],[83.30735,43.721392],[83.305235,43.714167],[83.304688,43.711304],[83.301256,43.701478],[83.301326,43.70067],[83.302646,43.699005],[83.302898,43.698211],[83.30219,43.693689],[83.301436,43.691613],[83.301349,43.690418],[83.301531,43.688548],[83.301995,43.686509],[83.301825,43.684194],[83.302575,43.681343],[83.303084,43.680683],[83.304853,43.6792],[83.30526,43.677246],[83.30561,43.676418],[83.306443,43.675188],[83.3081,43.673608],[83.308974,43.672352],[83.310594,43.669528],[83.312396,43.665145],[83.312809,43.664955],[83.313314,43.665043],[83.315044,43.666476],[83.315477,43.666626],[83.315748,43.666507],[83.315543,43.66591],[83.313589,43.663894],[83.313449,43.66333],[83.313577,43.662713],[83.314106,43.662036],[83.315725,43.660909],[83.316953,43.659266],[83.318961,43.658283],[83.31948,43.657677],[83.319978,43.65404],[83.322047,43.651437],[83.322305,43.650932],[83.322146,43.650248],[83.320786,43.648067],[83.32066,43.647396],[83.320794,43.6469],[83.321132,43.646576],[83.321497,43.646478],[83.323378,43.646966],[83.323811,43.646865],[83.323963,43.646638],[83.323763,43.646137],[83.322695,43.645369],[83.322481,43.645019],[83.322646,43.644655],[83.323335,43.644007],[83.32351,43.64351],[83.323221,43.64104],[83.323463,43.640609],[83.32431,43.639886],[83.323841,43.638401],[83.322578,43.637546],[83.321302,43.636425],[83.319633,43.635636],[83.319343,43.635271],[83.318904,43.634014],[83.317986,43.633167],[83.317147,43.632136],[83.314548,43.630652],[83.312991,43.629536],[83.312908,43.629122],[83.313165,43.628096],[83.312964,43.627812],[83.312136,43.627346],[83.311786,43.626821],[83.31165,43.62619],[83.311875,43.625349],[83.311814,43.624984],[83.311491,43.624669],[83.310357,43.624083],[83.309984,43.62364],[83.310252,43.622242],[83.309876,43.621148],[83.30997,43.620665],[83.310279,43.620176],[83.311617,43.619316],[83.311962,43.61892],[83.312409,43.617082],[83.312138,43.616105],[83.312628,43.61577],[83.314089,43.615383],[83.314352,43.615093],[83.31478,43.613025],[83.314448,43.612507],[83.313003,43.611446],[83.312937,43.610945],[83.313166,43.61024],[83.314466,43.609045],[83.316676,43.60762],[83.31852,43.605539],[83.319043,43.603304],[83.32019,43.601746],[83.320567,43.600952],[83.321449,43.596123],[83.322047,43.59538],[83.323206,43.594733],[83.323464,43.594463],[83.323776,43.592551],[83.325277,43.590229],[83.325237,43.588432],[83.326112,43.587032],[83.326727,43.584311],[83.326424,43.58363],[83.324582,43.581624],[83.32441,43.581246],[83.325045,43.578412],[83.325756,43.577217],[83.325671,43.576741],[83.324915,43.575716],[83.324865,43.575406],[83.325142,43.575106],[83.326306,43.574451],[83.326678,43.573839],[83.326532,43.573271],[83.325674,43.572066],[83.325763,43.571726],[83.326505,43.570949],[83.326674,43.570449],[83.326154,43.568946],[83.325548,43.564922],[83.325605,43.563245],[83.32519,43.561544],[83.325418,43.560921],[83.32658,43.55963],[83.326769,43.558046],[83.326414,43.556787],[83.324725,43.55425],[83.319274,43.545301],[83.318329,43.544107],[83.313598,43.539305],[83.31314,43.538422],[83.312561,43.536271],[83.312129,43.535302],[83.306675,43.528361],[83.307491,43.528297],[83.316076,43.52917],[83.31714,43.529524],[83.319335,43.530776],[83.320474,43.531289],[83.322063,43.531691],[83.323816,43.531855],[83.327182,43.531711],[83.334999,43.531053],[83.336855,43.531133],[83.339587,43.531603],[83.340721,43.531627],[83.350175,43.528658],[83.351346,43.528424],[83.35255,43.528512],[83.35333,43.528693],[83.353919,43.529081],[83.354729,43.529996],[83.35515,43.53019],[83.355517,43.530201],[83.356224,43.530045],[83.356833,43.529699],[83.357668,43.528351],[83.358207,43.527867],[83.363855,43.524341],[83.36567,43.523645],[83.369604,43.522649],[83.407527,43.516552],[83.426444,43.515029],[83.428495,43.515031],[83.429815,43.515172],[83.43764,43.517143],[83.466075,43.522127],[83.467157,43.52228],[83.4681,43.522253],[83.469091,43.521965],[83.472458,43.520352],[83.477003,43.518912],[83.478675,43.518225],[83.507966,43.502561],[83.510378,43.501423],[83.556321,43.485967],[83.572616,43.483356],[83.574494,43.483239],[83.575747,43.483537],[83.580423,43.485491],[83.58628,43.488678],[83.587443,43.489191],[83.588387,43.489386],[83.590476,43.489567],[83.594833,43.489646],[83.597164,43.489397],[83.611686,43.486654],[83.630918,43.483692],[83.633415,43.483195],[83.643334,43.480627],[83.665353,43.472379],[83.666996,43.471616],[83.673672,43.466748],[83.708616,43.445298],[83.712515,43.442711],[83.720555,43.436745],[83.725249,43.432654],[83.733143,43.426534],[83.739655,43.418331],[83.740224,43.417786],[83.741016,43.417324],[83.745741,43.415937],[83.773812,43.406987],[83.830482,43.387807],[83.866558,43.378516],[83.86906,43.377762],[83.872272,43.376287],[83.876272,43.373818],[83.888286,43.366857],[83.924437,43.350895],[83.926739,43.350046],[83.933636,43.348021],[83.943578,43.345458],[83.966611,43.335089],[83.971178,43.333365],[83.976587,43.331792],[84.001174,43.325852],[84.00076,43.325138],[84.001022,43.32569],[84.001279,43.32549],[84.000981,43.325474],[84.001262,43.325456],[84.001175,43.325525],[84.001126,43.325436],[84.001113,43.325593],[84.001056,43.325464],[84.001304,43.325544],[84.001141,43.325345],[84.001322,43.325478],[84.001231,43.325675],[84.000959,43.325621],[84.000093,43.323832],[83.999792,43.323886],[83.999885,43.324152],[83.999715,43.324343],[83.999514,43.324416],[83.999732,43.324263],[83.999436,43.324209],[83.999768,43.324531],[83.999981,43.324516],[83.999493,43.324449],[83.999967,43.324767],[83.999965,43.324526],[83.99969,43.324541],[83.999798,43.324591],[83.999727,43.324495],[83.999791,43.324595],[83.999645,43.324597],[83.999749,43.324658],[83.999887,43.324499],[83.999714,43.324602],[83.99997,43.324864],[83.999491,43.324449],[83.99985,43.324802],[83.999815,43.324603],[83.999611,43.324495],[83.99979,43.324632],[83.999575,43.324386],[83.999606,43.3242],[83.999567,43.324319],[83.999176,43.324366],[83.999273,43.324295],[83.999278,43.324423],[83.999869,43.32416],[83.99971,43.323882],[84.00028,43.325053],[84.001172,43.324887],[84.001386,43.324705],[84.00014,43.324793],[84.000078,43.325125],[83.999789,43.32509],[84.000188,43.325196],[84.000354,43.325091],[84.000137,43.325006],[84.000329,43.325],[84.000367,43.325138],[84.000691,43.325076],[84.000362,43.324975],[84.000216,43.325108],[83.999825,43.324257],[83.999298,43.32439],[83.999192,43.324335],[83.999346,43.324274],[83.99903,43.324412],[83.999573,43.324403],[83.999194,43.324701],[83.999485,43.324385],[83.998935,43.324497],[83.999383,43.324383],[83.998571,43.324318],[83.999179,43.324367],[83.998937,43.324469],[83.99987,43.324253],[84.000687,43.325666],[84.001466,43.325785],[84.029948,43.319015],[84.033401,43.31862],[84.055182,43.317446],[84.090003,43.311343],[84.092159,43.311055],[84.116883,43.310123],[84.119449,43.310506],[84.124732,43.312196],[84.126869,43.312644],[84.129034,43.3128],[84.131571,43.312575],[84.200214,43.301969],[84.205531,43.301079],[84.207818,43.300201],[84.210397,43.300268],[84.211179,43.300028],[84.216569,43.297679],[84.21808,43.296893],[84.220014,43.295456],[84.222543,43.293303],[84.223585,43.292217],[84.224447,43.291782],[84.225578,43.291732],[84.227412,43.292335],[84.231888,43.292416],[84.233004,43.292237],[84.23371,43.291803],[84.23442,43.291545],[84.23774,43.291609],[84.245399,43.291185],[84.2474,43.290923],[84.248614,43.290623],[84.250092,43.290007],[84.253939,43.287607],[84.257255,43.287397],[84.262596,43.285443],[84.263566,43.285236],[84.265472,43.285048],[84.26609,43.28487],[84.266842,43.284325],[84.268261,43.282534],[84.268834,43.28157],[84.26918,43.281288],[84.269973,43.281079],[84.272912,43.281042],[84.274756,43.280587],[84.275838,43.280067],[84.276692,43.279187],[84.277955,43.278856],[84.282281,43.276557],[84.283057,43.275744],[84.283854,43.27386],[84.285118,43.272712],[84.286381,43.270497],[84.287018,43.269899],[84.289231,43.268933],[84.289774,43.268904],[84.291041,43.269176],[84.291684,43.269081],[84.291385,43.267265],[84.291484,43.266609],[84.292146,43.265903],[84.292789,43.264625],[84.294222,43.263827],[84.296161,43.262015],[84.297969,43.26121],[84.298478,43.260823],[84.298911,43.259698],[84.298503,43.258681],[84.298527,43.258309],[84.299404,43.257297],[84.299949,43.256271],[84.300614,43.255566],[84.300847,43.254439],[84.302379,43.253866],[84.303632,43.251623],[84.305112,43.250779],[84.307536,43.249045],[84.309385,43.247373],[84.31017,43.247079],[84.311765,43.247088],[84.31225,43.246836],[84.313364,43.245473],[84.314944,43.24419],[84.315049,43.243598],[84.314936,43.243271],[84.314762,43.243221],[84.314558,43.242541],[84.314676,43.241963],[84.315122,43.241465],[84.315682,43.24117],[84.316372,43.241033],[84.317096,43.240616],[84.317616,43.239693],[84.317713,43.238633],[84.317914,43.238223],[84.320486,43.23646],[84.323154,43.234989],[84.324581,43.233819],[84.326806,43.232552],[84.326811,43.232393],[84.326506,43.232162],[84.323559,43.230847],[84.321813,43.229896],[84.320846,43.227921],[84.319069,43.225067],[84.31826,43.22438],[84.317645,43.223536],[84.31652,43.222431],[84.316375,43.221903],[84.316477,43.220987],[84.315781,43.219825],[84.31546,43.217924],[84.315115,43.217677],[84.31363,43.217087],[84.312497,43.216784],[84.312079,43.21653],[84.309675,43.213688],[84.309501,43.213323],[84.309597,43.213008],[84.310206,43.212799],[84.311042,43.212912],[84.313377,43.21448],[84.314181,43.214713],[84.315554,43.214828],[84.31591,43.214996],[84.316174,43.216287],[84.317338,43.217282],[84.31812,43.21818],[84.318869,43.219656],[84.321647,43.222073],[84.321837,43.222486],[84.321859,43.223567],[84.323329,43.225146],[84.323631,43.225255],[84.324072,43.224977],[84.325023,43.224008],[84.325496,43.222691],[84.325869,43.222184],[84.326808,43.221186],[84.327884,43.220458],[84.327685,43.219808],[84.327787,43.219575],[84.328709,43.218765],[84.329965,43.21846],[84.330273,43.218148],[84.330349,43.21778],[84.330227,43.217429],[84.32866,43.216509],[84.328268,43.215901],[84.328467,43.215036],[84.329523,43.213378],[84.330006,43.212894],[84.331208,43.212439],[84.331761,43.211729],[84.332826,43.211378],[84.333148,43.21112],[84.333084,43.210516],[84.332166,43.208727],[84.331752,43.208251],[84.331003,43.207753],[84.330807,43.207425],[84.330943,43.207023],[84.331834,43.206003],[84.332166,43.205411],[84.332216,43.205021],[84.331801,43.20425],[84.331873,43.20405],[84.333158,43.204317],[84.334263,43.203916],[84.33482,43.203976],[84.334944,43.204419],[84.334347,43.205428],[84.334767,43.205754],[84.33571,43.206037],[84.336437,43.205913],[84.338033,43.204941],[84.339741,43.20434],[84.34057,43.203813],[84.340887,43.203852],[84.342161,43.204576],[84.342749,43.204702],[84.343243,43.204671],[84.343475,43.204444],[84.343514,43.203553],[84.344101,43.203315],[84.344823,43.203467],[84.345911,43.20461],[84.347384,43.205549],[84.347911,43.205666],[84.348494,43.205624],[84.34893,43.205476],[84.349229,43.205216],[84.349266,43.204763],[84.348891,43.204189],[84.347658,43.203352],[84.347339,43.202913],[84.347423,43.202451],[84.348039,43.201705],[84.348108,43.201349],[84.34637,43.200436],[84.345502,43.199108],[84.345529,43.198676],[84.345794,43.198198],[84.345818,43.198405],[84.345959,43.198373],[84.346498,43.197948],[84.345942,43.198405],[84.345762,43.198352],[84.347029,43.196054],[84.347085,43.193553],[84.346853,43.19314],[84.342919,43.192773],[84.342363,43.192923],[84.340941,43.19368],[84.340212,43.193897],[84.338731,43.194063],[84.337127,43.193915],[84.336327,43.193699],[84.334526,43.192861],[84.332754,43.192274],[84.331354,43.191189],[84.32959,43.190283],[84.3278,43.190229],[84.324165,43.18942],[84.321397,43.189411],[84.320654,43.189246],[84.320737,43.188931],[84.326992,43.184039],[84.32641,43.183142],[84.32644,43.182589],[84.326679,43.182425],[84.327127,43.182364],[84.328399,43.182584],[84.329588,43.182928],[84.331028,43.18362],[84.331867,43.183434],[84.332328,43.183448],[84.333483,43.183981],[84.333974,43.184033],[84.334437,43.18372],[84.335101,43.181775],[84.335737,43.180904],[84.337358,43.179488],[84.339762,43.178118],[84.340346,43.178094],[84.344516,43.179476],[84.345297,43.179442],[84.346234,43.17879],[84.34679,43.177476],[84.34687,43.176091],[84.346403,43.174208],[84.346555,43.173672],[84.346881,43.174044],[84.347653,43.174295],[84.34852,43.174087],[84.3514,43.174345],[84.354854,43.170117],[84.359434,43.172371],[84.360372,43.172898],[84.360341,43.173061],[84.360407,43.17297],[84.360516,43.173042],[84.360997,43.172665],[84.35959,43.169462],[84.358249,43.167188],[84.35804,43.166561],[84.35825,43.166244],[84.358937,43.166166],[84.359713,43.165311],[84.360989,43.164487],[84.361322,43.164001],[84.372279,43.17019],[84.373586,43.169351],[84.374955,43.167833],[84.374904,43.167574],[84.373624,43.166102],[84.373459,43.165723],[84.373534,43.165425],[84.375551,43.164433],[84.376907,43.163059],[84.37849,43.162681],[84.378995,43.162401],[84.377501,43.156006],[84.37674,43.15554],[84.375982,43.155319],[84.375376,43.155402],[84.374315,43.155909],[84.374107,43.155858],[84.374022,43.155678],[84.37419,43.155288],[84.374902,43.154467],[84.375884,43.153729],[84.377242,43.15335],[84.379099,43.153309],[84.379516,43.153173],[84.37957,43.152927],[84.379369,43.152611],[84.378132,43.151617],[84.37634,43.151225],[84.37455,43.151085],[84.372999,43.150636],[84.36978,43.149958],[84.369331,43.150097],[84.367413,43.151278],[84.366305,43.152367],[84.365805,43.152528],[84.365227,43.152133],[84.364768,43.151183],[84.364684,43.150443],[84.365061,43.149347],[84.364965,43.149052],[84.36472,43.14891],[84.362791,43.148768],[84.361984,43.148824],[84.360498,43.149179],[84.359324,43.149862],[84.358769,43.149938],[84.358412,43.149735],[84.357487,43.148401],[84.356996,43.148009],[84.353992,43.147056],[84.352775,43.146845],[84.351185,43.147031],[84.346604,43.148212],[84.345545,43.14825],[84.344819,43.147842],[84.344623,43.147249],[84.345649,43.144244],[84.34566,43.143822],[84.345381,43.1435],[84.340903,43.142623],[84.336537,43.142752],[84.336039,43.142613],[84.335627,43.142232],[84.334915,43.139039],[84.335094,43.138477],[84.335876,43.137142],[84.335942,43.136507],[84.335591,43.135949],[84.333519,43.134304],[84.33294,43.133435],[84.332264,43.130443],[84.329368,43.119777],[84.32923,43.119909],[84.329252,43.119376],[84.328404,43.115682],[84.325952,43.07316],[84.325755,43.072245],[84.325319,43.071419],[84.324546,43.070648],[84.323583,43.070142],[84.324829,43.070394],[84.346948,43.077617],[84.346703,43.077623],[84.321823,43.069518],[84.321699,43.069495],[84.321387,43.069915],[84.321034,43.069992],[84.320616,43.069766],[84.320615,43.069063],[84.361026,43.082249],[84.37221,43.086352],[84.374671,43.08709],[84.376762,43.087383],[84.385646,43.087561],[84.390946,43.087864],[84.401557,43.088236],[84.403328,43.088202],[84.420691,43.087041],[84.428676,43.086416],[84.430181,43.086052],[84.448716,43.080218],[84.449974,43.079909],[84.45115,43.079829],[84.536442,43.077855],[84.572542,43.079093],[84.595039,43.080105],[84.62123,43.081602],[84.639562,43.082305],[84.726626,43.080718],[84.728987,43.080811],[84.734539,43.081404],[84.735898,43.081279],[84.739639,43.080515],[84.741895,43.080193],[84.75507,43.07916],[84.756795,43.078549],[84.758977,43.07672],[84.759535,43.076457],[84.760309,43.076303],[84.76105,43.076341],[84.761751,43.076535],[84.765621,43.078243],[84.767782,43.079054],[84.769346,43.079481],[84.771042,43.079773],[84.780426,43.075192],[84.780483,43.074749],[84.780351,43.074898],[84.780522,43.074954],[84.780685,43.074832],[84.780506,43.074966],[84.782229,43.07499],[84.784454,43.074634],[84.78746,43.073925],[84.788953,43.073859],[84.789661,43.074009],[84.79056,43.074394],[84.794515,43.076915],[84.801041,43.080625],[84.804892,43.08272],[84.806324,43.083286],[84.80733,43.083401],[84.808405,43.083258],[84.809498,43.08287],[84.813759,43.080842],[84.815685,43.080401],[84.817074,43.080397],[84.817908,43.080632],[84.818494,43.080947],[84.821421,43.083388],[84.822936,43.084097],[84.82457,43.084343],[84.830705,43.084267],[84.833198,43.084538],[84.842454,43.087149],[84.859848,43.091828],[84.865306,43.0935],[84.889041,43.103764],[84.891747,43.105037],[84.940961,43.132884],[84.943837,43.134383],[85.00379,43.120768],[85.099861,43.106139],[85.153729,43.097809],[85.157426,43.096945],[85.185404,43.088563],[85.188289,43.087883],[85.190736,43.087605],[85.250553,43.083916],[85.252739,43.083941],[85.255088,43.084131],[85.43036,43.105569],[85.504949,43.114534],[85.5305,43.117493],[85.554879,43.117965],[85.580536,43.117042],[85.586076,43.117269],[85.587685,43.117218],[85.58928,43.116977],[85.590733,43.11655],[85.60438,43.111308],[85.607187,43.110734],[85.613372,43.109825],[85.61623,43.109438],[85.617858,43.109342],[85.638056,43.109383],[85.674514,43.113048],[85.704085,43.113891],[85.707197,43.113727],[85.737343,43.109855],[85.754987,43.109132],[85.756113,43.109151],[85.757006,43.109296],[85.759577,43.110329],[85.760543,43.110476],[85.761519,43.110286],[85.763524,43.109202],[85.764447,43.109109],[85.765426,43.10939],[85.767983,43.110592],[85.769214,43.110906],[85.778773,43.111695],[85.780698,43.111595],[85.78649,43.110611],[85.787277,43.110368],[85.787962,43.109972],[85.78861,43.109141],[85.789986,43.105315],[85.79089,43.103701],[85.794487,43.100065],[85.796574,43.098828],[85.797058,43.098419],[85.798634,43.095358],[85.801754,43.092261],[85.80241,43.091741],[85.803114,43.091434],[85.805545,43.091187],[85.806517,43.090853],[85.811746,43.086313],[85.813034,43.085511],[85.814528,43.084934],[85.816638,43.084605],[85.824331,43.084292],[85.836227,43.085624],[85.838291,43.08569],[85.843808,43.085586],[85.84959,43.086026],[85.85791,43.085087],[85.859614,43.085161],[85.864258,43.08569],[85.865528,43.085697],[85.873899,43.084716],[85.876368,43.084594],[85.886414,43.085712],[85.887967,43.085771],[85.888697,43.085448],[85.889001,43.084859],[85.888898,43.084078],[85.888194,43.082566],[85.888061,43.081953],[85.888288,43.081413],[85.88892,43.08103],[85.89008,43.080804],[85.894287,43.08044],[85.898379,43.079773],[85.915233,43.073461],[85.91902,43.072345],[85.921288,43.071914],[85.927043,43.071159],[85.931332,43.069872],[85.932437,43.069648],[85.933969,43.069597],[85.93752,43.070044],[85.938434,43.069962],[85.939741,43.069522],[85.940951,43.068929],[85.943158,43.067081],[85.950228,43.063896],[85.953784,43.061557],[85.956706,43.060256],[85.964588,43.057295],[85.974438,43.052273],[85.975898,43.051749],[85.979325,43.050864],[85.979485,43.051043],[85.980354,43.051157],[85.980546,43.051331],[85.980302,43.051149],[85.980173,43.051153],[85.980389,43.051183],[85.980295,43.051265],[85.979955,43.051261],[85.980441,43.051208],[85.980632,43.051235],[85.98057,43.051304],[85.98057,43.051107],[85.979947,43.051097],[85.979219,43.050936],[85.979179,43.050811],[85.979428,43.050867],[85.980395,43.050513],[85.981946,43.049561],[85.982675,43.048667],[85.982823,43.047761],[85.982355,43.046557],[85.980406,43.04433],[85.98015,43.043528],[85.980144,43.042632],[85.980426,43.041849],[85.981015,43.041133],[85.981766,43.040627],[85.982657,43.040354],[85.98242,43.040147],[85.98236,43.039771],[85.982948,43.038543],[85.982637,43.039001],[85.982368,43.03984],[85.982687,43.040577],[85.982603,43.040342],[85.983732,43.040111],[85.985664,43.040205],[85.987401,43.040732],[85.99029,43.041997],[85.991979,43.042369],[85.998048,43.043119],[85.999982,43.043247],[86.00673,43.042988],[86.010771,43.043212],[86.014514,43.043058],[86.016592,43.043091],[86.02658,43.044293],[86.027794,43.044155],[86.028883,43.043833],[86.029693,43.043327],[86.031033,43.042145],[86.03194,43.041723],[86.032841,43.041598],[86.034798,43.041635],[86.035788,43.041501],[86.042248,43.039872],[86.054524,43.033713],[86.056571,43.032964],[86.061638,43.032126],[86.064435,43.031787],[86.083005,43.030713],[86.084572,43.030335],[86.092912,43.026419],[86.094109,43.025637],[86.096594,43.023596],[86.097228,43.023235],[86.103691,43.021359],[86.104687,43.020945],[86.105946,43.019915],[86.108906,43.016446],[86.109394,43.015645],[86.109473,43.014845],[86.108073,43.009889],[86.108561,43.008304],[86.108521,43.00778],[86.108164,43.00732],[86.106345,43.006274],[86.105977,43.00578],[86.105804,43.005204],[86.106052,43.003738],[86.105843,43.001972],[86.107223,43.000656],[86.107411,42.999837],[86.106306,42.997449],[86.105301,42.996719],[86.10505,42.996375],[86.105244,42.994264],[86.10517,42.99363],[86.104334,42.992205],[86.104074,42.991287],[86.104168,42.990214],[86.104625,42.988986],[86.104256,42.987442],[86.10497,42.986301],[86.104932,42.984785],[86.105931,42.983228],[86.106137,42.982544],[86.106054,42.980839],[86.104762,42.978722],[86.104878,42.978212],[86.105873,42.976423],[86.106493,42.975819],[86.108159,42.974781],[86.113055,42.971264],[86.118001,42.9667],[86.120523,42.96524],[86.124293,42.962715],[86.126534,42.961741],[86.127288,42.961263],[86.12811,42.960262],[86.130311,42.955898],[86.131019,42.954978],[86.132782,42.953516],[86.135327,42.95238],[86.136255,42.951758],[86.142624,42.945117],[86.143915,42.944074],[86.144381,42.94378],[86.145217,42.943554],[86.146029,42.943137],[86.148221,42.941656],[86.151885,42.937165],[86.154215,42.935283],[86.155243,42.933576],[86.156178,42.932355],[86.159777,42.928306],[86.160747,42.927546],[86.165427,42.925666],[86.169846,42.924121],[86.172276,42.921795],[86.17524,42.919562],[86.177363,42.918506],[86.180705,42.917543],[86.181606,42.917158],[86.182276,42.916646],[86.183539,42.915174],[86.184228,42.914712],[86.187165,42.913621],[86.190419,42.912928],[86.191081,42.912911],[86.191533,42.913028],[86.193395,42.914243],[86.194413,42.914584],[86.203887,42.91525],[86.204955,42.915096],[86.206051,42.914705],[86.206896,42.914231],[86.208502,42.913043],[86.20981,42.912507],[86.212488,42.912071],[86.215548,42.912047],[86.218468,42.912505],[86.228488,42.915334],[86.23027,42.915638],[86.231536,42.915426],[86.234521,42.914184],[86.237354,42.913172],[86.244879,42.911798],[86.247829,42.911944],[86.248439,42.912249],[86.249028,42.912989],[86.249429,42.91325],[86.249946,42.913322],[86.252203,42.913232],[86.253754,42.914026],[86.254431,42.914216],[86.258589,42.914769],[86.262568,42.914916],[86.264204,42.914803],[86.266547,42.914222],[86.271542,42.913817],[86.274686,42.912926],[86.277595,42.912508],[86.282289,42.911088],[86.285753,42.909219],[86.288829,42.907802],[86.304232,42.899157],[86.316793,42.893273],[86.320869,42.890287],[86.321829,42.889951],[86.324987,42.889175],[86.326466,42.88864],[86.329042,42.88728],[86.341107,42.881448],[86.345616,42.877631],[86.348893,42.874299],[86.349825,42.87381],[86.352616,42.872898],[86.353293,42.872448],[86.353611,42.871957],[86.353672,42.871536],[86.353509,42.870961],[86.352199,42.869392],[86.351866,42.868759],[86.351691,42.867099],[86.351825,42.865583],[86.352417,42.864],[86.352065,42.862344],[86.352079,42.861691],[86.353762,42.857392],[86.353735,42.856746],[86.353233,42.855418],[86.35319,42.85492],[86.354223,42.853393],[86.354402,42.852601],[86.35312,42.849125],[86.351025,42.846011],[86.350762,42.845406],[86.350681,42.844674],[86.350915,42.843906],[86.351315,42.84336],[86.354561,42.84066],[86.35498,42.840133],[86.355,42.839651],[86.354553,42.837718],[86.355036,42.836219],[86.354837,42.83475],[86.355623,42.832896],[86.355673,42.832184],[86.353994,42.828318],[86.352087,42.826446],[86.351343,42.825285],[86.348124,42.818863],[86.347533,42.815003],[86.344959,42.811792],[86.338985,42.799927],[86.334327,42.794464],[86.332399,42.792534],[86.329982,42.788839],[86.327949,42.787175],[86.327272,42.786447],[86.326294,42.785065],[86.325117,42.78276],[86.324467,42.781799],[86.324006,42.781415],[86.322746,42.780808],[86.322214,42.78019],[86.31928,42.774223],[86.317254,42.767877],[86.316749,42.765882],[86.315382,42.758432],[86.315054,42.757549],[86.315064,42.757307],[86.315425,42.756976],[86.3154,42.756828],[86.314944,42.756084],[86.314203,42.755389],[86.314685,42.755389],[86.316246,42.756571],[86.31834,42.757188],[86.318614,42.757671],[86.319005,42.758001],[86.319618,42.758255],[86.323187,42.759057],[86.324543,42.758977],[86.325128,42.758711],[86.325569,42.758295],[86.325798,42.757766],[86.325742,42.757237],[86.325539,42.756942],[86.325036,42.756642],[86.324433,42.756583],[86.323835,42.756886],[86.323772,42.757417],[86.324295,42.757858],[86.325257,42.758155],[86.330667,42.759278],[86.334819,42.760506],[86.338527,42.762014],[86.339932,42.76284],[86.340961,42.763633],[86.342231,42.764952],[86.345287,42.769028],[86.346864,42.770815],[86.351699,42.774687],[86.35576,42.779217],[86.360444,42.782571],[86.362334,42.784518],[86.368509,42.795133],[86.369504,42.797741],[86.370057,42.80105],[86.370487,42.802445],[86.371559,42.804353],[86.373039,42.806129],[86.374831,42.807612],[86.376759,42.808733],[86.378596,42.809509],[86.387689,42.812832],[86.389598,42.813822],[86.391259,42.815038],[86.392585,42.816382],[86.393754,42.818106],[86.394445,42.819773],[86.395462,42.823455],[86.395947,42.824511],[86.396764,42.825742],[86.409259,42.838234],[86.410775,42.839585],[86.412175,42.840522],[86.417535,42.843115],[86.429887,42.853411],[86.432932,42.857383],[86.434149,42.858383],[86.437889,42.860588],[86.439193,42.861009],[86.44457,42.86199],[86.457144,42.861814],[86.459682,42.862028],[86.462202,42.862523],[86.465487,42.863582],[86.468496,42.865081],[86.471,42.86686],[86.473976,42.869657],[86.475247,42.870685],[86.476641,42.871516],[86.478541,42.87232],[86.481065,42.872999],[86.48367,42.873369],[86.485548,42.873455],[86.492665,42.873436],[86.494789,42.873583],[86.497029,42.873923],[86.499376,42.87449],[86.501193,42.875066],[86.503127,42.875884],[86.507577,42.878091],[86.50926,42.878651],[86.510973,42.878993],[86.512352,42.879126],[86.514105,42.87913],[86.520052,42.878484],[86.52284,42.878398],[86.536657,42.879375],[86.539361,42.879785],[86.544262,42.881057],[86.553551,42.883225],[86.555396,42.883529],[86.557265,42.883631],[86.559495,42.883468],[86.561991,42.882937],[86.563958,42.882227],[86.56773,42.880451],[86.57028,42.879721],[86.581835,42.87832],[86.584801,42.87821],[86.587047,42.878315],[86.611894,42.883467],[86.617364,42.885213],[86.61877,42.886114],[86.620849,42.887762],[86.623629,42.891041],[86.624716,42.89209],[86.626292,42.893202],[86.629663,42.89515],[86.631066,42.896195],[86.632034,42.897144],[86.632999,42.898431],[86.634743,42.902165],[86.635668,42.90361],[86.637141,42.90508],[86.639311,42.906447],[86.640884,42.907143],[86.642556,42.907697],[86.645693,42.908322],[86.64849,42.908491],[86.656103,42.908286],[86.660414,42.908428],[86.662727,42.908699],[86.66491,42.909106],[86.669139,42.910317],[86.671426,42.911288],[86.673381,42.912445],[86.678484,42.916489],[86.689692,42.924528],[86.692409,42.92587],[86.695296,42.926687],[86.698772,42.927075],[86.709771,42.927042],[86.713511,42.927323],[86.716249,42.927923],[86.722047,42.929811],[86.726943,42.931231],[86.729036,42.931706],[86.730708,42.931899],[86.733069,42.931884],[86.733435,42.931565],[86.734371,42.931426],[86.733886,42.931115],[86.733922,42.93161],[86.733935,42.931331],[86.734238,42.931002],[86.734295,42.931428],[86.734357,42.931311],[86.733908,42.931171],[86.734241,42.931431],[86.734745,42.931282],[86.734963,42.931475],[86.734901,42.931381],[86.735651,42.93166],[86.739138,42.931227],[86.746142,42.929902],[86.74997,42.929715],[86.751928,42.929837],[86.753961,42.930125],[86.764554,42.932665],[86.766596,42.933033],[86.768402,42.933217],[86.771809,42.933148],[86.777448,42.932216],[86.780406,42.932044],[86.782628,42.932212],[86.792377,42.933428],[86.796949,42.933606],[86.800676,42.933388],[86.813817,42.932057],[86.816448,42.931953],[86.818418,42.932087],[86.820416,42.932452],[86.822525,42.933071],[86.824654,42.933945],[86.827615,42.935641],[86.829926,42.937252],[86.832279,42.939286],[86.83381,42.941079],[86.829662,42.942825],[86.843261,42.952036],[86.845225,42.954277],[86.889111,43.00052],[86.910895,43.017807],[86.91241,43.018613],[86.913408,43.020792],[86.917191,43.022992],[86.91908,43.024672],[86.919427,43.025249],[86.919534,43.026648],[86.921464,43.03004],[86.926783,43.038008],[86.927259,43.038516],[86.939465,43.057997],[86.943835,43.063277],[86.985324,43.107284],[86.990266,43.108909],[87.013814,43.114546],[87.017062,43.114658],[87.01998,43.114425],[87.022612,43.114062],[87.028007,43.112983],[87.030613,43.112687],[87.03367,43.112783],[87.03671,43.113291],[87.038634,43.113855],[87.040458,43.114579],[87.047477,43.118187],[87.050162,43.119407],[87.052336,43.120122],[87.057113,43.121252],[87.05995,43.122236],[87.062902,43.123817],[87.065791,43.125933],[87.110625,43.173602],[87.111067,43.176068],[87.112683,43.216344],[87.123177,43.225865],[87.125082,43.227851],[87.129664,43.236851],[87.130638,43.23826],[87.131676,43.239416],[87.138421,43.244328],[87.140338,43.24535],[87.141826,43.246312],[87.14308,43.247315],[87.144057,43.248315],[87.145734,43.250685],[87.150325,43.259446],[87.152121,43.261753],[87.15383,43.26324],[87.163103,43.270048],[87.16498,43.271575],[87.166437,43.27315],[87.170319,43.278486],[87.172549,43.280626],[87.175441,43.282465],[87.18346,43.286211],[87.185084,43.287232],[87.186392,43.288327],[87.188298,43.290613],[87.190184,43.294131],[87.19116,43.295599],[87.202743,43.309831],[87.205044,43.312302],[87.209153,43.315832],[87.21102,43.31773],[87.214297,43.329158],[87.213377,43.331876],[87.212393,43.333658],[87.211098,43.335151],[87.207826,43.338236],[87.206413,43.340159],[87.205402,43.342513],[87.204989,43.345001],[87.209281,43.394308],[87.210617,43.397748],[87.211163,43.399671],[87.211746,43.409035],[87.212062,43.410637],[87.212652,43.412195],[87.214143,43.414819],[87.225787,43.431268],[87.228579,43.434724],[87.231456,43.43768],[87.234202,43.440142],[87.240594,43.445363],[87.243234,43.447926],[87.245603,43.450939],[87.248786,43.456396],[87.250095,43.458265],[87.258224,43.466941],[87.261529,43.469861],[87.280841,43.48455],[87.284407,43.487654],[87.287135,43.490346],[87.291001,43.494737],[87.296205,43.501655],[87.297523,43.502901],[87.299907,43.506623],[87.314787,43.52616],[87.318085,43.52953],[87.325663,43.535906],[87.327072,43.537366],[87.328291,43.538892],[87.330047,43.541821],[87.331212,43.544882],[87.337908,43.573701],[87.338558,43.57601],[87.339319,43.578009],[87.340463,43.580236],[87.342044,43.582657],[87.349624,43.591868],[87.352582,43.596219],[87.354823,43.600533],[87.362335,43.618105],[87.364227,43.621254],[87.36668,43.624263],[87.368788,43.626327],[87.371419,43.62846],[87.389257,43.640519],[87.392783,43.643187],[87.398574,43.647981],[87.408737,43.655288],[87.412899,43.658009],[87.418077,43.66104],[87.419997,43.661968],[87.421832,43.663764],[87.424827,43.666255],[87.427908,43.669078],[87.432387,43.67246],[87.434762,43.674429],[87.470177,43.705526],[87.480678,43.714993],[87.483064,43.71658],[87.488498,43.719528],[87.493353,43.723198],[87.493932,43.723218],[87.494455,43.722815],[87.494938,43.722049],[87.494891,43.721475],[87.494506,43.721221],[87.493934,43.721237],[87.492873,43.721937],[87.476915,43.737625],[87.475533,43.739394],[87.474498,43.741222],[87.473746,43.743153],[87.473254,43.745474],[87.473167,43.747544],[87.473399,43.749549],[87.473959,43.751497],[87.474787,43.753391],[87.475735,43.755001],[87.476721,43.75632],[87.481707,43.761818],[87.482808,43.763512],[87.483595,43.765245],[87.484196,43.767492],[87.485639,43.777889],[87.486005,43.77923],[87.486583,43.78055],[87.487717,43.782278],[87.489295,43.783937],[87.494906,43.78832],[87.496518,43.789831],[87.497711,43.791675],[87.498245,43.793628],[87.498262,43.794991],[87.497934,43.796568],[87.497313,43.798003],[87.496492,43.799143],[87.495249,43.80037],[87.494206,43.801188],[87.490128,43.803509],[87.487953,43.805057],[87.486532,43.806412],[87.485368,43.807752],[87.483975,43.810045],[87.483236,43.811849],[87.482525,43.814727],[87.481699,43.8224],[87.481554,43.825661],[87.481706,43.826246],[87.482139,43.826576],[87.483221,43.827003],[87.484316,43.827922],[87.48533,43.828174],[87.490387,43.828016],[87.507598,43.827932],[87.507225,43.827978],[87.507516,43.827998],[87.507669,43.828241],[87.508242,43.830138],[87.509021,43.831181],[87.508444,43.832442],[87.509152,43.833249],[87.508917,43.833861],[87.50861,43.83366],[87.510586,43.846463],[87.51092,43.848111],[87.51113,43.848296],[87.511643,43.848299],[87.514211,43.847836],[87.517716,43.84738],[87.524359,43.846703],[87.532447,43.846284],[87.534147,43.846326],[87.5358,43.846532],[87.537543,43.846946],[87.538983,43.84753],[87.541813,43.849266],[87.54433,43.850403],[87.546569,43.851645],[87.550961,43.854375],[87.55261,43.855221],[87.554372,43.855782],[87.558096,43.856693],[87.563696,43.857903],[87.563921,43.8577],[87.564277,43.856536],[87.568779,43.846262],[87.573795,43.834234],[87.573948,43.83414],[87.574058,43.834334],[87.573878,43.835269],[87.572461,43.838561],[87.572568,43.838633],[87.572485,43.839284],[87.57302,43.839236],[87.573011,43.838942],[87.572701,43.838762],[87.572718,43.838505],[87.572273,43.838344],[87.572659,43.838578]]}},{"type":"Feature","properties":{"id":"49229c2d9281","title":"孟克特古道","type":"driving","distance_km":41.78,"province":"新疆","country":"中国"},"geometry":{"type":"LineString","coordinates":[[83.901675,43.739935],[83.903232,43.73993],[83.905212,43.740385],[83.906472,43.741108],[83.907746,43.742253],[83.909649,43.744562],[83.911504,43.746023],[83.912493,43.747501],[83.912688,43.748487],[83.912592,43.750828],[83.912493,43.751464],[83.91203,43.752553],[83.91168,43.752632],[83.911453,43.752254],[83.911852,43.750868],[83.911817,43.750469],[83.910995,43.749754],[83.910585,43.749057],[83.910187,43.749255],[83.908996,43.751729],[83.909541,43.753808],[83.90936,43.754485],[83.909391,43.755204],[83.909853,43.755931],[83.910943,43.756868],[83.912764,43.758893],[83.912827,43.762229],[83.913032,43.762999],[83.915906,43.767444],[83.917606,43.770887],[83.919951,43.774065],[83.921977,43.775191],[83.922306,43.775242],[83.922228,43.775033],[83.922571,43.7743],[83.922279,43.774942],[83.922036,43.774996],[83.922238,43.774991],[83.92228,43.775192],[83.921987,43.775177],[83.923052,43.776042],[83.924061,43.777782],[83.924739,43.778486],[83.926238,43.779346],[83.958986,43.800347],[83.958797,43.800214],[83.958841,43.799992],[83.958731,43.800126],[83.958347,43.799956],[83.958786,43.800171],[83.958732,43.800435],[83.958148,43.800556],[83.958261,43.800877],[83.957812,43.801192],[83.957862,43.801365],[83.957605,43.801562],[83.957153,43.801588],[83.957054,43.801727],[83.957356,43.801743],[83.957465,43.801568],[83.957787,43.80149],[83.958304,43.800866],[83.958699,43.800933],[83.95855,43.800784],[83.958816,43.800077],[83.959097,43.800647],[83.958935,43.800365],[83.960534,43.800926],[83.963289,43.801236],[83.96898,43.803144],[83.97,43.803748],[83.971408,43.804862],[83.972861,43.807078],[83.976891,43.809438],[83.979045,43.811538],[83.980144,43.812188],[83.98125,43.813744],[83.981664,43.813901],[83.982166,43.813881],[83.983167,43.814082],[83.985247,43.814705],[83.986393,43.815372],[83.986873,43.815905],[83.988953,43.819302],[83.989567,43.819653],[83.990936,43.819904],[83.992079,43.82053],[83.993227,43.821606],[83.994018,43.823522],[83.995263,43.824441],[83.996633,43.826083],[83.997678,43.826772],[83.999608,43.827534],[84.001206,43.828745],[84.001557,43.829903],[84.001515,43.83184],[84.002877,43.832477],[84.004526,43.833728],[84.006663,43.836262],[84.007574,43.841638],[84.007359,43.8422],[84.006283,43.842997],[84.005977,43.843382],[84.006222,43.845601],[84.006842,43.846482],[84.006973,43.847063],[84.007219,43.847337],[84.008759,43.847844],[84.008627,43.847789],[84.0088,43.847678],[84.009923,43.848433],[84.010063,43.848697],[84.010669,43.848788],[84.010772,43.84872],[84.010657,43.84873],[84.010639,43.848479],[84.010272,43.848431],[84.009615,43.847946],[84.009436,43.847908],[84.009528,43.848095],[84.009317,43.848082],[84.008669,43.847778],[84.008668,43.847661],[84.009713,43.848255],[84.010057,43.84865],[84.010485,43.848808],[84.010254,43.849427],[84.010452,43.849653],[84.010626,43.849727],[84.011557,43.84953],[84.012126,43.84973],[84.011397,43.849551],[84.010142,43.849818],[84.00833,43.850409],[84.007803,43.850434],[84.007875,43.849989],[84.009399,43.849371],[84.01005,43.848765],[84.00985,43.848409],[84.008804,43.847843],[84.008704,43.847643],[84.008717,43.847728],[84.008566,43.847716],[84.007101,43.847239],[84.007156,43.847059],[84.007524,43.846945],[84.007703,43.846666],[84.00718,43.845964],[84.007238,43.845539],[84.007107,43.845402],[84.006888,43.845622],[84.006706,43.845558],[84.006493,43.845802],[84.006596,43.845933],[84.00621,43.84552],[84.00611,43.845199],[84.006043,43.843051],[84.006658,43.842473],[84.007092,43.842263],[84.007162,43.84234],[84.00703,43.842368],[84.007477,43.841707],[84.007624,43.841092],[84.007088,43.839164],[84.006822,43.836844],[84.006571,43.836007],[84.00439,43.83364],[84.002583,43.832288],[84.0014,43.831692],[84.001292,43.831282],[84.001502,43.829687],[84.001097,43.828552],[83.999576,43.827534],[83.997698,43.826803],[83.996636,43.826094],[83.994752,43.824038],[83.993733,43.823286],[83.992951,43.821435],[83.992052,43.820563],[83.990568,43.819862],[83.989328,43.819605],[83.988803,43.819319],[83.986226,43.815348],[83.985558,43.814878],[83.984504,43.814443],[83.98268,43.813901],[83.981409,43.813737],[83.980978,43.813566],[83.980655,43.813247],[83.979887,43.811911],[83.978756,43.811247],[83.976232,43.809098],[83.972709,43.807036],[83.972228,43.80651],[83.971868,43.805572],[83.971458,43.804996],[83.969135,43.803299],[83.968098,43.802863],[83.96327,43.80131],[83.95972,43.800707],[83.958577,43.800104],[83.924703,43.778503],[83.924113,43.777898],[83.923089,43.776268],[83.922346,43.77553],[83.921595,43.774956],[83.9197,43.773854],[83.917522,43.770748],[83.916628,43.768815],[83.914932,43.765849],[83.913056,43.763057],[83.912715,43.762103],[83.912843,43.760823],[83.912777,43.759366],[83.912604,43.758791],[83.909704,43.755805],[83.909235,43.754904],[83.909211,43.754415],[83.909471,43.753648],[83.909123,43.752574],[83.909003,43.75159],[83.910271,43.749174],[83.910577,43.749091],[83.910812,43.749179],[83.911164,43.749954],[83.91199,43.750939],[83.911992,43.751273],[83.911543,43.752204],[83.911567,43.752518],[83.911909,43.7526],[83.912142,43.752328],[83.91261,43.750734],[83.912452,43.747409],[83.911227,43.745774],[83.909026,43.744055],[83.907397,43.742027],[83.906302,43.740981],[83.905735,43.740566],[83.904686,43.740229],[83.902826,43.739888],[83.897046,43.740535],[83.895828,43.740575],[83.890176,43.740463],[83.887981,43.740213],[83.885949,43.739826],[83.872898,43.735859],[83.871729,43.735626],[83.869517,43.735428],[83.868045,43.735017],[83.866762,43.734457],[83.855468,43.728594],[83.855115,43.728534],[83.854958,43.728777],[83.854372,43.728521],[83.853851,43.728658],[83.853803,43.728303]]}},{"type":"Feature","properties":{"id":"01f26e0cdd74","title":"五台山逆朝台","type":"hiking","distance_km":46.6,"province":"山西","country":"中国"},"geometry":{"type":"LineString","coordinates":[[113.656956,39.055049],[113.657636,39.054393],[113.658507,39.053049],[113.659039,39.051806],[113.659049,39.051622],[113.658576,39.051642],[113.658384,39.051318],[113.658626,39.049454],[113.658621,39.046222],[113.658724,39.045774],[113.659642,39.044349],[113.660005,39.044332],[113.660078,39.044494],[113.660364,39.044226],[113.660169,39.044024],[113.660372,39.043023],[113.660276,39.042759],[113.659841,39.044025],[113.658578,39.046172],[113.658776,39.048215],[113.658392,39.051391],[113.658519,39.051651],[113.658986,39.051577],[113.659055,39.051653],[113.658301,39.053421],[113.657555,39.054534],[113.656577,39.055401],[113.656376,39.055763],[113.656917,39.055989],[113.657338,39.055999],[113.657339,39.056381],[113.657235,39.05593],[113.656999,39.055992],[113.656166,39.055835],[113.655092,39.055906],[113.653792,39.05646],[113.653038,39.056962],[113.650537,39.057923],[113.648558,39.058228],[113.647758,39.058456],[113.645275,39.05966],[113.644049,39.060086],[113.643503,39.060458],[113.641419,39.060952],[113.640832,39.06131],[113.639928,39.061613],[113.637554,39.061952],[113.63623,39.061534],[113.63525,39.061531],[113.634427,39.061719],[113.633301,39.062319],[113.632726,39.062486],[113.629025,39.063054],[113.62695,39.062945],[113.62532,39.06142],[113.62506,39.061226],[113.624568,39.061134],[113.624775,39.061032],[113.624452,39.061095],[113.623725,39.060745],[113.621736,39.060143],[113.619421,39.059833],[113.617331,39.060106],[113.614978,39.060945],[113.613131,39.062049],[113.612112,39.062494],[113.611178,39.063235],[113.608135,39.064962],[113.606642,39.06608],[113.605598,39.066278],[113.604492,39.066666],[113.603137,39.066689],[113.601695,39.066889],[113.599138,39.06746],[113.59782,39.067484],[113.596662,39.067236],[113.596094,39.067373],[113.595519,39.067261],[113.594944,39.067331],[113.594363,39.067662],[113.593641,39.067765],[113.591891,39.068402],[113.591388,39.068665],[113.590016,39.069858],[113.589153,39.070359],[113.588453,39.070463],[113.587242,39.07112],[113.584987,39.071912],[113.585082,39.072333],[113.584749,39.072903],[113.584786,39.073077],[113.584451,39.07333],[113.583532,39.073217],[113.582456,39.073302],[113.582005,39.0737],[113.58141,39.073982],[113.581428,39.074245],[113.581167,39.074462],[113.580603,39.074625],[113.580154,39.074507],[113.579429,39.074564],[113.577555,39.075637],[113.576252,39.076151],[113.574464,39.077388],[113.574042,39.078165],[113.573963,39.07871],[113.571885,39.079571],[113.571168,39.079497],[113.570938,39.079638],[113.569397,39.079783],[113.568564,39.079687],[113.568382,39.079897],[113.567801,39.079811],[113.567598,39.080033],[113.567366,39.080055],[113.566968,39.079877],[113.566784,39.079927],[113.56699,39.079864],[113.56685,39.079871],[113.566972,39.079881],[113.566617,39.080474],[113.56652,39.080424],[113.566908,39.079991],[113.56764,39.080067],[113.567906,39.079854],[113.568368,39.079968],[113.56851,39.079709],[113.568638,39.079708],[113.567226,39.079363],[113.565556,39.079231],[113.565128,39.079091],[113.564502,39.078656],[113.563986,39.078143],[113.563809,39.077611],[113.562951,39.076714],[113.562729,39.075457],[113.562553,39.075334],[113.562067,39.075329],[113.561447,39.074764],[113.561135,39.074175],[113.560648,39.073782],[113.557196,39.069439],[113.556804,39.069189],[113.555057,39.0688],[113.55377,39.067672],[113.552888,39.066436],[113.552058,39.065777],[113.552023,39.065596],[113.550754,39.065066],[113.549842,39.064289],[113.548894,39.062711],[113.548268,39.060468],[113.547477,39.060072],[113.546395,39.060178],[113.545446,39.060035],[113.544777,39.059794],[113.543819,39.059176],[113.542377,39.058644],[113.541255,39.057359],[113.54027,39.056844],[113.539694,39.056696],[113.538243,39.056037],[113.537795,39.055492],[113.534983,39.053721],[113.533773,39.05209],[113.532985,39.051513],[113.532809,39.05072],[113.532543,39.050429],[113.532633,39.050255],[113.533322,39.049937],[113.533495,39.049213],[113.532503,39.047787],[113.532101,39.046506],[113.532376,39.047392],[113.532005,39.046387],[113.531336,39.045521],[113.530119,39.044953],[113.530619,39.045475],[113.530546,39.04555],[113.530875,39.045585],[113.530531,39.045522],[113.530627,39.045467],[113.531123,39.045517],[113.530677,39.045483],[113.530787,39.045423],[113.53103,39.045614],[113.53069,39.045558],[113.531118,39.045666],[113.531359,39.046505],[113.531788,39.046519],[113.531107,39.046439],[113.530869,39.046634],[113.530759,39.04658],[113.530823,39.046664],[113.530617,39.046582],[113.530569,39.046057],[113.53034,39.045995],[113.530186,39.045719],[113.530253,39.045561],[113.53061,39.045496],[113.530587,39.045305],[113.529248,39.045661],[113.528761,39.045689],[113.5287,39.045609],[113.528638,39.045747],[113.528021,39.04588],[113.527516,39.04584],[113.524512,39.044927],[113.522768,39.044277],[113.522772,39.04417],[113.520588,39.043644],[113.519626,39.043219],[113.516257,39.04224],[113.515575,39.042148],[113.515002,39.041827],[113.513659,39.041378],[113.511792,39.041028],[113.508113,39.039885],[113.50704,39.039812],[113.50566,39.039542],[113.505433,39.039583],[113.505166,39.039986],[113.504684,39.039974],[113.504359,39.039722],[113.504548,39.039081],[113.503748,39.039279],[113.502934,39.03931],[113.501274,39.038657],[113.502969,39.037315],[113.503207,39.036899],[113.503802,39.036612],[113.503875,39.036446],[113.506178,39.035508],[113.507045,39.034966],[113.50726,39.034229],[113.507678,39.033657],[113.508016,39.032832],[113.507973,39.031982],[113.50814,39.031139],[113.509177,39.029536],[113.509214,39.029159],[113.508965,39.028448],[113.509191,39.028116],[113.509848,39.028101],[113.510442,39.028226],[113.511155,39.028077],[113.511883,39.028106],[113.512677,39.027696],[113.513692,39.028048],[113.516514,39.02856],[113.518245,39.028751],[113.519308,39.028716],[113.520938,39.029812],[113.521259,39.029724],[113.521475,39.029811],[113.522414,39.030538],[113.522787,39.030508],[113.523389,39.0302],[113.523765,39.030176],[113.523945,39.029942],[113.523433,39.029053],[113.523219,39.028032],[113.522772,39.027011],[113.521847,39.026027],[113.519994,39.025287],[113.519344,39.024837],[113.517463,39.022917],[113.516437,39.021487],[113.515553,39.01932],[113.514063,39.017853],[113.511544,39.016199],[113.508477,39.014453],[113.507958,39.014059],[113.507363,39.013351],[113.506256,39.012641],[113.505423,39.011683],[113.503907,39.010726],[113.502738,39.009517],[113.501395,39.009045],[113.500782,39.008045],[113.500441,39.007057],[113.500574,39.006212],[113.500256,39.005385],[113.500326,39.005009],[113.500044,39.004194],[113.499957,39.003262],[113.499754,39.002943],[113.499252,39.003108],[113.498979,39.002807],[113.498991,39.002705],[113.499342,39.002622],[113.499192,39.002626],[113.499264,39.00255],[113.498988,39.002728],[113.499311,39.003101],[113.499719,39.002765],[113.499418,39.001173],[113.498678,39.000593],[113.497512,38.999206],[113.496416,38.998484],[113.495771,38.997685],[113.495291,38.996428],[113.494611,38.995429],[113.494297,38.99461],[113.494443,38.991778],[113.494804,38.99122],[113.495267,38.989847],[113.495269,38.989381],[113.495794,38.988222],[113.495842,38.987444],[113.496035,38.987089],[113.496851,38.98636],[113.497764,38.984613],[113.497527,38.984292],[113.496956,38.984113],[113.495806,38.9834],[113.496553,38.983181],[113.496745,38.982947],[113.496696,38.982762],[113.49608,38.982475],[113.49658,38.982066],[113.496518,38.981688],[113.496753,38.980953],[113.496873,38.978772],[113.497034,38.978313],[113.497053,38.978498],[113.497171,38.978479],[113.499074,38.977607],[113.500998,38.977869],[113.50181,38.978137],[113.503238,38.97837],[113.503956,38.978371],[113.504573,38.977508],[113.504421,38.975639],[113.503578,38.974825],[113.503093,38.974562],[113.502166,38.973128],[113.50154,38.97158],[113.500775,38.968929],[113.500722,38.968369],[113.500925,38.968022],[113.500434,38.966979],[113.500402,38.966443],[113.500642,38.965932],[113.501574,38.965814],[113.501674,38.965646],[113.502495,38.965312],[113.503277,38.965588],[113.503624,38.965967],[113.503896,38.965724],[113.505148,38.96623],[113.504258,38.965958],[113.504405,38.965831],[113.506833,38.965691],[113.505938,38.96516],[113.505831,38.964706],[113.505009,38.96433],[113.505231,38.963412],[113.504885,38.962802],[113.504946,38.962215],[113.504479,38.961657],[113.504872,38.961324],[113.504848,38.960764],[113.504701,38.960687],[113.504798,38.961003],[113.504864,38.96067],[113.504572,38.960961],[113.504717,38.96096],[113.504664,38.960849],[113.504635,38.960959],[113.504698,38.96087],[113.504809,38.960968],[113.504803,38.960716],[113.504612,38.960833],[113.504866,38.960632],[113.504586,38.960121],[113.504823,38.960144],[113.50503,38.959936],[113.50457,38.959113],[113.505038,38.958456],[113.505126,38.957424],[113.50587,38.95697],[113.506092,38.956636],[113.506515,38.955446],[113.507176,38.954571],[113.507219,38.954202],[113.506983,38.953884],[113.506907,38.952688],[113.507327,38.951741],[113.506763,38.951178],[113.506486,38.950461],[113.505676,38.950057],[113.505615,38.949021],[113.505282,38.948546],[113.506554,38.947066],[113.50737,38.946503],[113.507805,38.945956],[113.508603,38.945376],[113.508605,38.945189],[113.510298,38.943828],[113.510203,38.943595],[113.510545,38.943637],[113.511041,38.943233],[113.51149,38.942462],[113.511519,38.942553],[113.511617,38.942497],[113.512072,38.941311],[113.513229,38.939717],[113.513902,38.938388],[113.514377,38.936941],[113.51518,38.936],[113.516855,38.934908],[113.517379,38.934258],[113.51776,38.933463],[113.517894,38.932331],[113.517519,38.930953],[113.517348,38.929103],[113.517467,38.928549],[113.517907,38.92842],[113.519041,38.928929],[113.519963,38.929157],[113.521373,38.928931],[113.522044,38.92854],[113.523081,38.928245],[113.524512,38.927516],[113.526794,38.925564],[113.528253,38.92508],[113.529835,38.924039],[113.531905,38.92361],[113.532764,38.923304],[113.533892,38.923248],[113.534461,38.92278],[113.534546,38.922506],[113.534487,38.92285],[113.534865,38.923334],[113.53474,38.923466],[113.5348,38.923307],[113.534189,38.923052],[113.534626,38.923667],[113.534219,38.924321],[113.534083,38.924314],[113.534257,38.924429],[113.534183,38.924501],[113.534026,38.924379],[113.534052,38.924549],[113.533886,38.924629],[113.534175,38.924137],[113.534295,38.924212],[113.53409,38.924124],[113.534243,38.92425],[113.534457,38.924011],[113.53457,38.924171],[113.534422,38.924032],[113.534536,38.924003],[113.534902,38.924243],[113.534372,38.923985],[113.534402,38.923897],[113.535103,38.924191],[113.535826,38.925062],[113.536159,38.926045],[113.536501,38.926115],[113.536955,38.92641],[113.537302,38.926799],[113.537807,38.928644],[113.538564,38.930634],[113.538345,38.931435],[113.538417,38.932157],[113.538524,38.932669],[113.538858,38.933049],[113.538951,38.934196],[113.53917,38.934733],[113.538918,38.937057],[113.539471,38.938794],[113.539158,38.940808],[113.539304,38.941358],[113.539603,38.941643],[113.539569,38.942005],[113.539371,38.942811],[113.537882,38.944741],[113.537921,38.945267],[113.537707,38.945771],[113.537781,38.946137],[113.537479,38.946631],[113.53773,38.9469],[113.537597,38.94725]]}},{"type":"Feature","properties":{"id":"88d879975e0a","title":"五台山顺朝台","type":"hiking","distance_km":79.7,"province":"山西","country":"中国"},"geometry":{"type":"LineString","coordinates":[[113.660775,39.057381],[113.658369,39.056372],[113.657301,39.056477],[113.656324,39.055912],[113.656459,39.055548],[113.657524,39.054508],[113.657843,39.053988],[113.657999,39.05404],[113.657942,39.053876],[113.658284,39.053489],[113.658312,39.051478],[113.658638,39.050301],[113.658682,39.049187],[113.658993,39.048492],[113.658674,39.047696],[113.658649,39.045855],[113.65988,39.043864],[113.660229,39.042882],[113.660131,39.042739],[113.660471,39.041474],[113.660931,39.040817],[113.660826,39.040778],[113.660946,39.040795],[113.661149,39.040563],[113.661404,39.040607],[113.661815,39.040833],[113.661346,39.040875],[113.661284,39.041156],[113.6612,39.041089],[113.661329,39.041055],[113.661352,39.041151],[113.661458,39.040719],[113.661236,39.04062],[113.661113,39.040603],[113.660829,39.041001],[113.661188,39.040572],[113.662188,39.040946],[113.662273,39.041215],[113.662486,39.040995],[113.662498,39.040714],[113.662104,39.040567],[113.662436,39.040631],[113.662552,39.040789],[113.662452,39.041067],[113.662521,39.040785],[113.662293,39.040579],[113.661252,39.040326],[113.659817,39.040213],[113.659495,39.04009],[113.65952,39.040001],[113.662951,39.039982],[113.663305,39.039608],[113.663863,39.038563],[113.664704,39.035858],[113.665195,39.033458],[113.665352,39.033324],[113.665149,39.033333],[113.6652,39.031828],[113.665449,39.03101],[113.665494,39.030262],[113.665318,39.028481],[113.66484,39.027311],[113.664955,39.026679],[113.666729,39.026012],[113.667731,39.025381],[113.670072,39.024571],[113.670905,39.024137],[113.671378,39.023717],[113.671947,39.023572],[113.672766,39.022889],[113.673392,39.021963],[113.673409,39.021208],[113.673786,39.020229],[113.673964,39.018936],[113.674696,39.017571],[113.675939,39.016015],[113.676513,39.015563],[113.67732,39.015158],[113.677935,39.014033],[113.680088,39.011344],[113.680635,39.010832],[113.681341,39.009525],[113.68154,39.008899],[113.680913,39.007382],[113.680725,39.006366],[113.680524,39.005917],[113.679732,39.005108],[113.679421,39.004212],[113.680012,39.001387],[113.679777,38.999869],[113.679464,38.999361],[113.677093,38.997316],[113.676758,38.997317],[113.677029,38.997136],[113.676694,38.996873],[113.676425,38.996356],[113.675142,38.994807],[113.673858,38.993592],[113.671496,38.992977],[113.671081,38.992305],[113.670426,38.991751],[113.670162,38.99112],[113.669833,38.990848],[113.669099,38.990533],[113.668736,38.990152],[113.668137,38.990088],[113.667655,38.989798],[113.667108,38.989096],[113.666584,38.988719],[113.664793,38.988023],[113.664453,38.987925],[113.663711,38.98817],[113.663673,38.988277],[113.661993,38.988607],[113.661921,38.988751],[113.661452,38.988762],[113.661148,38.988942],[113.658936,38.989443],[113.656891,38.988714],[113.656188,38.98863],[113.655581,38.988327],[113.654884,38.988228],[113.653365,38.987468],[113.652314,38.987871],[113.651511,38.987959],[113.650637,38.987464],[113.649941,38.987497],[113.649045,38.98722],[113.646808,38.986793],[113.64501,38.986951],[113.64445,38.986799],[113.643147,38.9868],[113.641503,38.986564],[113.639603,38.985905],[113.638745,38.985399],[113.637944,38.985232],[113.637627,38.984847],[113.63767,38.984668],[113.636761,38.984238],[113.636054,38.984252],[113.634145,38.983609],[113.632853,38.983612],[113.632626,38.98329],[113.632154,38.982982],[113.630502,38.982714],[113.62927,38.982195],[113.627254,38.982395],[113.626561,38.982217],[113.625715,38.981429],[113.625137,38.98051],[113.624923,38.980411],[113.623971,38.980369],[113.623537,38.980187],[113.622489,38.979255],[113.621933,38.979107],[113.621594,38.978608],[113.620992,38.978508],[113.61946,38.977042],[113.618098,38.976284],[113.618247,38.976066],[113.618086,38.975627],[113.618359,38.975034],[113.618332,38.974283],[113.618605,38.973888],[113.618942,38.972442],[113.61841,38.97199],[113.6183,38.970527],[113.617742,38.967589],[113.617901,38.967227],[113.617729,38.966122],[113.614775,38.964557],[113.613638,38.964251],[113.612367,38.964206],[113.611312,38.963803],[113.610277,38.963719],[113.60904,38.963973],[113.608647,38.963809],[113.607797,38.964116],[113.607569,38.964085],[113.606676,38.964337],[113.606028,38.964199],[113.605639,38.964513],[113.602492,38.96378],[113.601713,38.96389],[113.601064,38.964136],[113.600214,38.964103],[113.599105,38.964401],[113.597589,38.964352],[113.596952,38.964187],[113.586549,38.957882],[113.586303,38.957898],[113.586525,38.957832],[113.58665,38.957977],[113.586517,38.957573],[113.584955,38.957134],[113.579237,38.954964],[113.57719,38.954024],[113.576979,38.953589],[113.577609,38.953264],[113.578038,38.952804],[113.578593,38.951129],[113.579524,38.949336],[113.57943,38.947705],[113.577794,38.948043],[113.568238,38.949489],[113.567164,38.949616],[113.566409,38.949355],[113.563587,38.949816],[113.560977,38.949612],[113.560079,38.949311],[113.559014,38.949142],[113.55669,38.949257],[113.555649,38.949521],[113.555175,38.949527],[113.553413,38.949322],[113.551549,38.948693],[113.549622,38.948861],[113.548063,38.948649],[113.547928,38.948384],[113.54754,38.94817],[113.547234,38.948313],[113.547161,38.948601],[113.546306,38.948606],[113.542584,38.947724],[113.539917,38.94774],[113.538724,38.948146],[113.537789,38.948138],[113.537558,38.94782],[113.537735,38.947017],[113.537406,38.946668],[113.53775,38.946087],[113.537641,38.945826],[113.537822,38.945403],[113.537774,38.944954],[113.53819,38.944143],[113.539185,38.943124],[113.539454,38.942238],[113.539814,38.941659],[113.539649,38.941532],[113.539192,38.940332],[113.539067,38.939126],[113.539141,38.937723],[113.538979,38.937206],[113.539127,38.936847],[113.539111,38.935749],[113.53895,38.935613],[113.539105,38.934977],[113.538883,38.933625],[113.538695,38.933503],[113.538723,38.933084],[113.538413,38.932689],[113.538344,38.932234],[113.538274,38.931429],[113.538515,38.930911],[113.538461,38.930452],[113.537491,38.927713],[113.537407,38.926688],[113.537016,38.926229],[113.536355,38.925854],[113.536354,38.925945],[113.535993,38.925896],[113.535798,38.925073],[113.535381,38.924627],[113.535413,38.92447],[113.535193,38.924534],[113.535026,38.924209],[113.535043,38.924298],[113.53472,38.924317],[113.534888,38.924089],[113.535053,38.924233],[113.534861,38.924083],[113.535163,38.923923],[113.535011,38.924204],[113.534529,38.923511],[113.534084,38.923124],[113.533879,38.923214],[113.533735,38.923088],[113.533932,38.922138],[113.534907,38.921647],[113.535839,38.921406],[113.536553,38.920943],[113.536979,38.920571],[113.536962,38.920459],[113.535489,38.92103],[113.534509,38.921096],[113.533349,38.92077],[113.531826,38.920074],[113.525519,38.926192],[113.525387,38.926526],[113.524472,38.927523],[113.523605,38.928021],[113.521934,38.928393],[113.521239,38.928686],[113.519266,38.928496],[113.518132,38.92796],[113.517414,38.927756],[113.517028,38.927754],[113.516445,38.928006],[113.516182,38.928385],[113.516204,38.928967],[113.516687,38.930163],[113.516883,38.931252],[113.517531,38.933089],[113.517458,38.934036],[113.517759,38.934489],[113.517489,38.935802],[113.515871,38.936357],[113.515408,38.93638],[113.515209,38.935976],[113.515581,38.935149],[113.515489,38.935008],[113.515207,38.935106],[113.514438,38.935745],[113.514107,38.936338],[113.51385,38.938557],[113.512928,38.940358],[113.512115,38.94128],[113.511571,38.942748],[113.511215,38.943204],[113.509066,38.945061],[113.507909,38.945849],[113.507892,38.945962],[113.508488,38.946076],[113.508693,38.94629],[113.509328,38.946171],[113.508252,38.947007],[113.506579,38.947617],[113.5054,38.948374],[113.504501,38.950216],[113.5038,38.951062],[113.503,38.951689],[113.502199,38.951987],[113.501071,38.951736],[113.50254,38.952267],[113.503353,38.95214],[113.503322,38.953043],[113.504965,38.95272],[113.507218,38.951812],[113.507423,38.95192],[113.507222,38.952722],[113.507499,38.953338],[113.507432,38.953919],[113.507942,38.954937],[113.507903,38.955211],[113.508435,38.955716],[113.509032,38.95693],[113.50899,38.957207],[113.509755,38.957799],[113.510034,38.958403],[113.509978,38.958878],[113.509691,38.959412],[113.509757,38.960428],[113.509542,38.960505],[113.509435,38.960753],[113.508628,38.960904],[113.507423,38.960252],[113.50652,38.96003],[113.506326,38.959811],[113.505759,38.95965],[113.504819,38.959596],[113.50504,38.960021],[113.504902,38.960164],[113.504665,38.960183],[113.50486,38.960605],[113.504645,38.960794],[113.50488,38.960649],[113.504526,38.961533],[113.504984,38.962174],[113.504894,38.962763],[113.505215,38.963027],[113.505264,38.963296],[113.50505,38.964141],[113.505132,38.964206],[113.505213,38.963567],[113.505034,38.962927],[113.505264,38.963463],[113.505005,38.964283],[113.505801,38.964663],[113.506137,38.965243],[113.506471,38.965331],[113.506943,38.965734],[113.506847,38.966458],[113.506975,38.966679],[113.506774,38.966765],[113.506648,38.966613],[113.506485,38.966862],[113.506674,38.966798],[113.506625,38.966708],[113.507002,38.96678],[113.506957,38.966598],[113.507065,38.966554],[113.507652,38.966716],[113.508817,38.967405],[113.509494,38.968159],[113.509655,38.96898],[113.50836,38.971322],[113.508456,38.972653],[113.508858,38.973553],[113.509402,38.973773],[113.51121,38.973761],[113.512358,38.973992],[113.512174,38.974114],[113.511217,38.974224],[113.511149,38.974399],[113.511223,38.974215],[113.512627,38.974039],[113.513775,38.975308],[113.513693,38.976057],[113.513465,38.976083],[113.513296,38.976328],[113.513498,38.976273],[113.51355,38.976548],[113.512684,38.978607],[113.512437,38.978804],[113.51223,38.979907],[113.512106,38.979898],[113.511527,38.98055],[113.511943,38.981503],[113.51176,38.981932],[113.511907,38.982191],[113.513183,38.982041],[113.512855,38.981346],[113.512316,38.980954],[113.512194,38.980603],[113.512073,38.980596],[113.512105,38.981241],[113.512276,38.981328],[113.512312,38.981116],[113.498139,38.989917],[113.497651,38.991387],[113.49692,38.992821],[113.496635,38.994141],[113.496823,38.994893],[113.497516,38.995543],[113.497201,38.996833],[113.497611,38.998235],[113.498454,38.999609],[113.498915,39.00004],[113.499062,39.000776],[113.499327,39.000956],[113.499507,39.001409],[113.499728,39.002822],[113.499139,39.003329],[113.498479,39.003543],[113.498977,39.003893],[113.498835,39.003751],[113.498628,39.003823],[113.498504,39.00366],[113.498651,39.003504],[113.498785,39.003653],[113.498781,39.003512],[113.498994,39.003512],[113.498913,39.003442],[113.499704,39.002891],[113.499945,39.002912],[113.499894,39.002995],[113.49998,39.002932],[113.499894,39.003204],[113.500024,39.004223],[113.500325,39.005692],[113.500564,39.006217],[113.500469,39.007161],[113.501309,39.008922],[113.502681,39.00947],[113.504101,39.010876],[113.50549,39.011753],[113.506121,39.012335],[113.506196,39.012599],[113.506651,39.012921],[113.507429,39.013189],[113.507926,39.014032],[113.508332,39.014379],[113.510226,39.015394],[113.514125,39.017945],[113.515503,39.01926],[113.515953,39.020057],[113.515981,39.02062],[113.51666,39.021852],[113.517411,39.022838],[113.518365,39.023689],[113.519413,39.024892],[113.520096,39.025321],[113.521832,39.026003],[113.522813,39.026994],[113.523433,39.028321],[113.523481,39.028994],[113.523983,39.029963],[113.523796,39.030217],[113.523232,39.030392],[113.523247,39.030665],[113.523057,39.030779],[113.523795,39.030885],[113.523785,39.030719],[113.523682,39.030775],[113.523774,39.030837],[113.523648,39.03071],[113.522876,39.031011],[113.523081,39.030915],[113.523154,39.030991],[113.523246,39.030928],[113.523141,39.030887],[113.5233,39.031136],[113.523432,39.031071],[113.523154,39.031285],[113.523376,39.031255],[113.523337,39.031764],[113.523359,39.031055],[113.523255,39.031099],[113.523157,39.030928],[113.522791,39.030985],[113.522685,39.030649],[113.52246,39.030813],[113.521919,39.03012],[113.521358,39.029791],[113.52089,39.029802],[113.519554,39.028851],[113.519113,39.028722],[113.518518,39.028794],[113.516453,39.028595],[113.514432,39.028236],[113.514126,39.02809],[113.513518,39.028054],[113.512628,39.027742],[113.511801,39.028126],[113.510486,39.02821],[113.509293,39.028098],[113.508957,39.028337],[113.508996,39.028779],[113.508329,39.030272],[113.507789,39.03111],[113.50754,39.032018],[113.507566,39.032757],[113.507317,39.033464],[113.506794,39.034293],[113.506797,39.034571],[113.507068,39.034693],[113.507096,39.034965],[113.506277,39.035511],[113.503798,39.036505],[113.503051,39.03706],[113.502973,39.037326],[113.501735,39.038196],[113.50139,39.038575],[113.500322,39.038731],[113.497964,39.037992],[113.497019,39.03782],[113.496305,39.03792],[113.495604,39.037789],[113.492933,39.038104],[113.491586,39.037659],[113.491324,39.037246],[113.491204,39.037409],[113.491191,39.037129],[113.49097,39.036902],[113.490513,39.036976],[113.490562,39.037239],[113.490451,39.037277],[113.490544,39.037116],[113.490295,39.037167],[113.4904,39.037252],[113.490242,39.03738],[113.490396,39.0374],[113.490471,39.037281],[113.49008,39.037078],[113.490394,39.037055],[113.490306,39.0372],[113.490556,39.037365],[113.490429,39.03753],[113.490626,39.037562],[113.490516,39.037015],[113.490585,39.036934],[113.491071,39.036994],[113.491435,39.037374],[113.491537,39.037315],[113.49141,39.037554],[113.49168,39.037735],[113.4927,39.038022],[113.492744,39.038106],[113.492443,39.038257],[113.492299,39.038505],[113.492311,39.038401],[113.492531,39.038192],[113.49273,39.038231],[113.492625,39.03858],[113.492769,39.038572],[113.492518,39.038641],[113.492817,39.038589],[113.492697,39.038547],[113.492796,39.038083],[113.49431,39.038013],[113.495708,39.037804],[113.496386,39.037961],[113.496841,39.037861],[113.497429,39.037902],[113.500296,39.038775],[113.501019,39.038724],[113.501312,39.038577],[113.501469,39.038917],[113.501804,39.038967],[113.502267,39.039269],[113.502467,39.039237],[113.503052,39.039552],[113.503405,39.040038],[113.503631,39.039631],[113.504525,39.039112],[113.504378,39.039768],[113.504477,39.040218],[113.504938,39.040627],[113.50517,39.040564],[113.505296,39.039813],[113.505539,39.039491],[113.508033,39.039029],[113.5091,39.03859],[113.511373,39.037903],[113.511959,39.037841],[113.513862,39.040393],[113.515054,39.041328],[113.516565,39.041774],[113.517221,39.042513],[113.518541,39.0426],[113.51902,39.042505],[113.520169,39.04276],[113.522544,39.043767],[113.523304,39.044385],[113.523652,39.044459],[113.524324,39.044892],[113.526903,39.045738],[113.527946,39.045917],[113.529709,39.045613],[113.529782,39.045534],[113.529673,39.045499],[113.529839,39.045564],[113.530498,39.045344],[113.530698,39.045601],[113.530568,39.045536],[113.530589,39.045732],[113.530554,39.045644],[113.530777,39.045724],[113.530585,39.045596],[113.530679,39.04613],[113.530684,39.045947],[113.5308,39.04593],[113.530769,39.046353],[113.531035,39.04651],[113.530854,39.046284],[113.530603,39.046358],[113.530301,39.046073],[113.530777,39.046465],[113.530697,39.046554],[113.530632,39.046369],[113.530877,39.046472],[113.530942,39.046395],[113.530814,39.046392],[113.530738,39.046119],[113.530821,39.045945],[113.530622,39.045845],[113.530598,39.04556],[113.530487,39.04553],[113.530618,39.045546],[113.530492,39.045652],[113.530278,39.045572],[113.530581,39.045462],[113.530583,39.045553],[113.531054,39.045582],[113.53127,39.046224],[113.531434,39.046108],[113.531785,39.046152],[113.531991,39.04697],[113.53226,39.047156],[113.532446,39.047716],[113.533493,39.049229],[113.532911,39.051066],[113.533124,39.051163],[113.533153,39.051526],[113.533805,39.052055],[113.534979,39.053705],[113.535926,39.054451],[113.536477,39.054611],[113.537654,39.05546],[113.538043,39.055923],[113.540183,39.056785],[113.541284,39.057359],[113.542239,39.058534],[113.54389,39.059149],[113.545272,39.05993],[113.546206,39.060177],[113.547648,39.060064],[113.548143,39.060322],[113.548092,39.060493],[113.548296,39.060407],[113.547797,39.06068],[113.547733,39.060604],[113.547852,39.060682],[113.547503,39.060701],[113.547624,39.06104],[113.547431,39.060949],[113.547011,39.061031],[113.546391,39.060704],[113.545862,39.061081],[113.546157,39.060919],[113.546118,39.061068],[113.546471,39.061098],[113.54602,39.061062],[113.546165,39.061021],[113.545907,39.061133],[113.5466,39.06112],[113.546486,39.061147],[113.546334,39.060562],[113.546198,39.060762],[113.546923,39.060894],[113.54726,39.06116],[113.547823,39.060632],[113.548191,39.060419],[113.548275,39.060489],[113.548749,39.062355],[113.549711,39.064169],[113.550897,39.065145],[113.551679,39.06537],[113.55267,39.066142],[113.553892,39.06775],[113.554809,39.068364],[113.559019,39.072282],[113.559603,39.073313],[113.560264,39.073987],[113.561186,39.074298],[113.562058,39.075267],[113.562631,39.075357],[113.562466,39.075581],[113.561908,39.075737],[113.56189,39.075829],[113.56249,39.076146],[113.563216,39.077091],[113.56261,39.077072],[113.561829,39.077275],[113.561248,39.07762],[113.56121,39.077885],[113.562524,39.07803],[113.563291,39.078301],[113.564401,39.079158],[113.564528,39.079704],[113.565783,39.079349],[113.566603,39.079253],[113.568582,39.079636],[113.568341,39.079923],[113.568411,39.079997],[113.567783,39.079807],[113.567451,39.079839],[113.567602,39.07996],[113.567484,39.08],[113.56712,39.079992],[113.567023,39.080337],[113.566753,39.080486],[113.56703,39.080125],[113.566941,39.080579],[113.566837,39.08053],[113.566871,39.080233],[113.566923,39.080397],[113.567022,39.080332],[113.566961,39.080447],[113.566813,39.080467],[113.56693,39.080464],[113.567146,39.080026],[113.567494,39.079986],[113.56855,39.080178],[113.56862,39.079996],[113.56792,39.0798],[113.567576,39.080027],[113.566962,39.079911],[113.566868,39.07975],[113.567235,39.079996],[113.567606,39.080015],[113.567788,39.079885],[113.567694,39.080061],[113.56789,39.0798],[113.568359,39.079897],[113.567875,39.079822],[113.567598,39.080117],[113.567604,39.079906],[113.566915,39.079592],[113.567329,39.079355],[113.569975,39.080004],[113.571108,39.080076],[113.571495,39.079957],[113.572471,39.079962],[113.57324,39.079737],[113.573701,39.079396],[113.574791,39.079078],[113.575069,39.079111],[113.575045,39.079009],[113.574558,39.078928],[113.573406,39.079119],[113.572718,39.079357],[113.572015,39.079379],[113.57191,39.079201],[113.572912,39.078875],[113.574311,39.078174],[113.573994,39.077778],[113.574361,39.077622],[113.57454,39.077299],[113.576114,39.076252],[113.577563,39.075644],[113.579503,39.074499],[113.580809,39.074508],[113.581431,39.074324],[113.581861,39.07395],[113.582272,39.07392],[113.582463,39.073594],[113.583032,39.073449],[113.582629,39.073638],[113.582361,39.073527],[113.582391,39.073356],[113.584122,39.07331],[113.58448,39.073452],[113.584518,39.073634],[113.584925,39.073159],[113.584624,39.072735],[113.585063,39.072808],[113.58578,39.073146],[113.585907,39.072718],[113.586147,39.072924],[113.58623,39.073307],[113.586352,39.073318],[113.58644,39.072414],[113.585959,39.071925],[113.585993,39.071809],[113.586733,39.072068],[113.587036,39.072493],[113.587176,39.072426],[113.58708,39.071887],[113.586632,39.071395],[113.587677,39.071137],[113.589743,39.070011],[113.5914,39.068632],[113.592542,39.068099],[113.593691,39.067702],[113.594445,39.067581],[113.594966,39.067295],[113.595581,39.067236],[113.59606,39.067356],[113.59684,39.067229],[113.597942,39.067456],[113.59916,39.067433],[113.602713,39.066736],[113.604586,39.066645],[113.605646,39.066262],[113.607376,39.065914],[113.609557,39.065703],[113.609821,39.065539],[113.610392,39.064365],[113.612021,39.063261],[113.613004,39.062213],[113.613483,39.061912],[113.615526,39.061147],[113.61807,39.060737],[113.620226,39.060876],[113.622351,39.061703],[113.623656,39.062923],[113.624545,39.064187],[113.625532,39.065026],[113.626639,39.065702],[113.630043,39.066504],[113.631338,39.067391],[113.631773,39.067566],[113.633021,39.067632],[113.637254,39.067532],[113.637584,39.067357],[113.638078,39.065775],[113.638625,39.064787],[113.639894,39.063589],[113.641161,39.062808],[113.641705,39.062593],[113.645096,39.062039],[113.647438,39.060718],[113.64811,39.060054],[113.649183,39.059313],[113.650866,39.05859],[113.651646,39.057827],[113.65262,39.057541],[113.653623,39.056998],[113.656535,39.05644]]}},{"type":"Feature","properties":{"id":"1941b58254c3","title":"六片山","type":"hiking","distance_km":13.6,"province":"广东","country":"中国"},"geometry":{"type":"LineString","coordinates":[[113.297054,23.229581],[113.295884,23.228057],[113.295923,23.22771],[113.295687,23.22731],[113.295398,23.22726],[113.294748,23.226206],[113.294344,23.225783],[113.293967,23.224966],[113.29448,23.224823],[113.295072,23.224472],[113.295776,23.224402],[113.296283,23.224173],[113.297832,23.22427],[113.298653,23.223984],[113.298785,23.224066],[113.298588,23.223951],[113.298639,23.223853],[113.29879,23.224081],[113.298342,23.224002],[113.298637,23.224044],[113.298646,23.223841],[113.298819,23.22395],[113.298684,23.223609],[113.298776,23.224124],[113.298616,23.224021],[113.298642,23.223842],[113.298724,23.224019],[113.298494,23.223955],[113.298809,23.223843],[113.298672,23.223871],[113.298732,23.223945],[113.298568,23.223877],[113.298733,23.223766],[113.298717,23.223634],[113.300395,23.223286],[113.300547,23.223137],[113.301029,23.223227],[113.301795,23.222904],[113.302124,23.223291],[113.302491,23.223283],[113.302462,23.223453],[113.302752,23.223576],[113.30273,23.22375],[113.302819,23.223773],[113.302781,23.223656],[113.303087,23.223813],[113.303288,23.223637],[113.303567,23.223938],[113.303663,23.224362],[113.304011,23.224794],[113.304104,23.225212],[113.304564,23.225747],[113.305121,23.226079],[113.30546,23.226037],[113.306054,23.225561],[113.306899,23.225588],[113.307556,23.225403],[113.307909,23.22558],[113.307863,23.225647],[113.308422,23.22542],[113.308138,23.225943],[113.308196,23.226173],[113.308925,23.226546],[113.309565,23.226691],[113.31015,23.227678],[113.310232,23.228112],[113.310389,23.228142],[113.310833,23.227925],[113.311278,23.227445],[113.311592,23.227615],[113.312363,23.227363],[113.313275,23.227529],[113.313973,23.227842],[113.314437,23.228306],[113.314587,23.228739],[113.314181,23.229572],[113.314163,23.229814],[113.314372,23.229961],[113.314451,23.230363],[113.314317,23.231261],[113.31379,23.231935],[113.313678,23.2331],[113.312465,23.235599],[113.311783,23.237312],[113.310526,23.238759],[113.309113,23.239433],[113.309066,23.239561],[113.309266,23.239589],[113.310341,23.239092],[113.311376,23.239726],[113.312073,23.239053],[113.312456,23.239021],[113.312965,23.239152],[113.31356,23.239082],[113.314299,23.239816],[113.31446,23.240451],[113.315022,23.240938],[113.316467,23.240721],[113.317069,23.240833],[113.317964,23.24031],[113.318128,23.240508],[113.318994,23.240788],[113.319788,23.241395],[113.319877,23.240987],[113.320144,23.240953],[113.321283,23.241348],[113.321589,23.24163],[113.322409,23.241843],[113.322706,23.241809],[113.322649,23.242132],[113.322189,23.242253],[113.322252,23.242696],[113.321867,23.243042],[113.3223,23.24353],[113.322252,23.243727],[113.322614,23.243955],[113.322544,23.244174],[113.322666,23.244458],[113.322546,23.244866],[113.323265,23.245276],[113.322488,23.246289],[113.322424,23.246521],[113.321993,23.246815],[113.322338,23.247089],[113.322391,23.247487],[113.322474,23.247554],[113.322596,23.247471],[113.322659,23.247237],[113.323058,23.24698],[113.32316,23.246502],[113.323713,23.246287],[113.323924,23.246618],[113.323946,23.24699],[113.324471,23.247244],[113.324701,23.247069],[113.32458,23.247275],[113.324807,23.247401],[113.32447,23.247165],[113.324607,23.247177],[113.324792,23.247429],[113.324857,23.247885],[113.324772,23.248061],[113.324868,23.247919],[113.325054,23.24799],[113.325374,23.247797],[113.325985,23.247759],[113.326387,23.247498],[113.326756,23.247418],[113.327265,23.24697],[113.327758,23.247523],[113.328017,23.247551],[113.328566,23.247937],[113.328731,23.247969],[113.328984,23.247724],[113.330009,23.247921],[113.330434,23.248297],[113.330788,23.248398],[113.331199,23.248855],[113.331109,23.249386],[113.331441,23.249802],[113.33168,23.249926],[113.332014,23.250372],[113.332285,23.250475],[113.332267,23.250368],[113.332631,23.251044],[113.333252,23.251326],[113.333378,23.251226],[113.333268,23.251363],[113.333377,23.251722],[113.333514,23.251967],[113.333701,23.25203],[113.333852,23.252375],[113.333922,23.252149],[113.333838,23.252291],[113.334456,23.253039],[113.334556,23.253547],[113.334732,23.253689],[113.335336,23.253733],[113.335596,23.25406],[113.3356,23.254609],[113.335757,23.254958],[113.335946,23.254967],[113.336078,23.255246],[113.335844,23.255638],[113.335504,23.255869],[113.335565,23.256148],[113.335459,23.256101],[113.335294,23.256334],[113.336232,23.256858],[113.336331,23.257119],[113.337214,23.257468],[113.33742,23.257346],[113.337557,23.257104],[113.337482,23.256823],[113.337893,23.256394],[113.33771,23.25649],[113.33764,23.256065],[113.337432,23.255781],[113.337577,23.255474],[113.338247,23.255663],[113.338727,23.256004],[113.338887,23.256542],[113.339139,23.256244],[113.339295,23.255766],[113.339451,23.256215],[113.339755,23.25572],[113.339801,23.256154],[113.339919,23.25609],[113.340236,23.255445],[113.340062,23.255142],[113.340965,23.254736],[113.341357,23.254173],[113.341834,23.25407],[113.341912,23.253942],[113.341676,23.253633],[113.341741,23.253399],[113.34202,23.253212],[113.342755,23.253941],[113.343817,23.253785],[113.344191,23.254637],[113.344124,23.254882],[113.344341,23.25517],[113.344561,23.255149],[113.344719,23.25477],[113.34554,23.254356],[113.34649,23.254104],[113.347023,23.253566],[113.347347,23.253511],[113.347632,23.253126],[113.347348,23.252504],[113.347446,23.251936],[113.347276,23.252281]]}},{"type":"Feature","properties":{"id":"05c05fff08de","title":"白云山","type":"hiking","distance_km":8.88,"province":"广东","country":"中国"},"geometry":{"type":"LineString","coordinates":[[113.297075,23.229734],[113.295121,23.226869],[113.294842,23.226248],[113.294518,23.226023],[113.294108,23.225434],[113.293985,23.225059],[113.295537,23.224368],[113.297387,23.224097],[113.297466,23.223955],[113.297755,23.223873],[113.29803,23.223944],[113.2985,23.223696],[113.300412,23.223245],[113.30093,23.223295],[113.3018,23.222968],[113.302173,23.223296],[113.302464,23.223293],[113.302498,23.223557],[113.302704,23.223663],[113.302687,23.223758],[113.303,23.223809],[113.303152,23.223687],[113.303342,23.223709],[113.304122,23.225316],[113.304503,23.225765],[113.305125,23.226137],[113.305889,23.225634],[113.307414,23.225451],[113.308197,23.225591],[113.308198,23.226201],[113.308616,23.226455],[113.309507,23.226681],[113.31007,23.227677],[113.310189,23.228126],[113.31068,23.228041],[113.311616,23.22717],[113.31095,23.227783],[113.311213,23.227485],[113.311578,23.227581],[113.312359,23.227379],[113.31306,23.227505],[113.31399,23.227909],[113.31447,23.228421],[113.314555,23.228799],[113.314187,23.229569],[113.314194,23.229852],[113.314429,23.230267],[113.314347,23.231222],[113.31379,23.231891],[113.313698,23.232341],[113.314223,23.231888],[113.315258,23.231736],[113.31584,23.231498],[113.317502,23.231317],[113.317817,23.23138],[113.317875,23.231535],[113.31792,23.231447],[113.319045,23.231724],[113.319389,23.231958],[113.319983,23.231833],[113.320188,23.232045],[113.320583,23.233292],[113.320863,23.233778],[113.321227,23.23391],[113.32159,23.234293],[113.321567,23.234476],[113.321814,23.234899],[113.321686,23.235117],[113.322115,23.235241],[113.322118,23.235872],[113.322862,23.236515],[113.323348,23.237425],[113.323437,23.237776],[113.322571,23.238598],[113.322362,23.239027],[113.322002,23.238932],[113.321614,23.238649],[113.32236,23.239086],[113.322857,23.239557],[113.32296,23.239921],[113.322606,23.240466],[113.321932,23.240922],[113.321797,23.241582],[113.321618,23.241628],[113.321395,23.241447],[113.322391,23.241819],[113.322659,23.241762],[113.322623,23.242123],[113.322229,23.242229],[113.322163,23.242405],[113.322262,23.24267],[113.32185,23.243055],[113.322263,23.243497],[113.322232,23.24368],[113.322588,23.244012],[113.322666,23.244552],[113.32254,23.244821],[113.323244,23.245183],[113.323485,23.24546],[113.323465,23.245735],[113.32366,23.245745],[113.323789,23.246088],[113.323697,23.24626],[113.323166,23.246569],[113.323026,23.247028],[113.322493,23.24745],[113.322096,23.248273],[113.320471,23.249515],[113.32017,23.250391],[113.319895,23.250514],[113.319498,23.250436],[113.318597,23.252818],[113.318159,23.253359],[113.317387,23.253581],[113.31718,23.253911],[113.315597,23.253231],[113.315333,23.253383],[113.31505,23.25379],[113.314544,23.253639],[113.314138,23.253904],[113.31394,23.253912],[113.313773,23.253808],[113.313794,23.253542],[113.31449,23.253141]]}},{"type":"Feature","properties":{"id":"94a03585fd59","title":"白云山","type":"hiking","distance_km":9.92,"province":"广东","country":"中国"},"geometry":{"type":"LineString","coordinates":[[113.274131,23.185034],[113.275012,23.187502],[113.275719,23.188797],[113.276106,23.188966],[113.276437,23.189423],[113.276477,23.190563],[113.276844,23.191909],[113.278003,23.1947],[113.279005,23.196484],[113.2809,23.198858],[113.281497,23.199094],[113.282827,23.199286],[113.282809,23.199006],[113.282354,23.198488],[113.282362,23.198211],[113.282028,23.198025],[113.282064,23.19784],[113.283116,23.196174],[113.284021,23.195257],[113.283917,23.194814],[113.284303,23.194135],[113.284509,23.193903],[113.284886,23.193771],[113.285074,23.193341],[113.286061,23.193962],[113.286266,23.193963],[113.286054,23.193666],[113.286057,23.193475],[113.286626,23.192689],[113.28614,23.192612],[113.285879,23.192111],[113.286337,23.191956],[113.286476,23.191705],[113.287079,23.191658],[113.288101,23.191697],[113.288489,23.191828],[113.288723,23.192238],[113.289222,23.192168],[113.289114,23.191733],[113.289523,23.191513],[113.289509,23.191332],[113.28937,23.19107],[113.289099,23.190923],[113.289131,23.190569],[113.288392,23.189665],[113.288502,23.189301],[113.288392,23.189043],[113.288075,23.188806],[113.288093,23.18844],[113.289061,23.187965],[113.28925,23.188025],[113.289921,23.187864],[113.290427,23.187414],[113.291028,23.187299],[113.291514,23.187391],[113.291522,23.187098],[113.291931,23.187059],[113.292163,23.186879],[113.292351,23.186958],[113.292524,23.186805],[113.293207,23.186798],[113.293326,23.186688],[113.293497,23.186768],[113.293892,23.186075],[113.294206,23.185833],[113.294295,23.185452],[113.293954,23.185099],[113.293263,23.185014],[113.293203,23.184375],[113.293379,23.184336],[113.294138,23.184606],[113.294487,23.184396],[113.294565,23.184223],[113.294949,23.18421],[113.295487,23.18382],[113.295557,23.183459],[113.295291,23.183176],[113.295122,23.182541],[113.295288,23.182298],[113.295662,23.182145],[113.295924,23.181867],[113.296321,23.181907],[113.296018,23.182034],[113.296138,23.181795],[113.295665,23.181701],[113.295547,23.18115],[113.295339,23.180817],[113.295077,23.18065],[113.295121,23.180263],[113.294915,23.179943],[113.294999,23.179185],[113.294285,23.178418],[113.294572,23.178327],[113.294586,23.178617],[113.294599,23.178241],[113.294312,23.178357],[113.294486,23.17833],[113.294409,23.178192],[113.2944,23.17834],[113.294502,23.178311],[113.29444,23.178138],[113.294535,23.178119],[113.29453,23.178015],[113.294389,23.178232],[113.294305,23.177775],[113.294355,23.177305],[113.294488,23.177151],[113.294173,23.176811],[113.293653,23.176844],[113.293172,23.177228],[113.292962,23.177178],[113.292638,23.176816],[113.292533,23.176362],[113.292651,23.176216],[113.293037,23.176206],[113.293417,23.175873],[113.293513,23.175609],[113.294307,23.175098],[113.294723,23.175051],[113.295091,23.175228],[113.295743,23.174936],[113.29611,23.174024],[113.29656,23.173809],[113.29642,23.173246],[113.296544,23.172578],[113.297178,23.17219],[113.297667,23.171571],[113.297682,23.171481],[113.297408,23.171328],[113.297517,23.171167],[113.297276,23.171159],[113.297084,23.170253],[113.297427,23.169301],[113.29822,23.168109],[113.298393,23.168099],[113.298234,23.167997],[113.298264,23.167436],[113.298857,23.166926],[113.299188,23.16635],[113.299478,23.166478],[113.299969,23.16647],[113.300111,23.166231],[113.300585,23.166147],[113.300166,23.165528],[113.300318,23.165182],[113.300671,23.165003],[113.300849,23.165089],[113.300675,23.165],[113.30063,23.164522],[113.300652,23.16389],[113.300951,23.163093],[113.300758,23.162073],[113.302157,23.160664],[113.302853,23.159619],[113.30304,23.159099],[113.304152,23.158995]]}},{"type":"Feature","properties":{"id":"a7a6302d8eeb","title":"白云山","type":"hiking","distance_km":8.11,"province":"广东","country":"中国"},"geometry":{"type":"LineString","coordinates":[[113.281727,23.200657],[113.281363,23.199276],[113.281624,23.199124],[113.282837,23.199244],[113.282841,23.198959],[113.282393,23.198551],[113.282363,23.198268],[113.282119,23.198113],[113.282071,23.197935],[113.283129,23.196132],[113.283612,23.19576],[113.284074,23.195138],[113.283988,23.194753],[113.284362,23.194091],[113.284551,23.193886],[113.284927,23.193746],[113.28515,23.193341],[113.286051,23.193937],[113.28624,23.19392],[113.286108,23.193499],[113.286632,23.192694],[113.286168,23.192615],[113.285938,23.192309],[113.285942,23.192034],[113.286339,23.191955],[113.286602,23.191657],[113.287716,23.19176],[113.287998,23.191659],[113.288587,23.19186],[113.288747,23.19222],[113.289263,23.192165],[113.28917,23.191729],[113.289507,23.191571],[113.289532,23.191213],[113.289142,23.19093],[113.289192,23.190565],[113.288424,23.189651],[113.288482,23.189099],[113.288142,23.18886],[113.288105,23.188418],[113.289944,23.187875],[113.29031,23.187546],[113.291052,23.187295],[113.291538,23.187396],[113.291659,23.187154],[113.292314,23.186919],[113.293523,23.186759],[113.293828,23.186062],[113.294257,23.185704],[113.293733,23.185132],[113.293259,23.185025],[113.293119,23.184395],[113.293133,23.184586],[113.293158,23.184399],[113.29422,23.184683],[113.294613,23.184364],[113.294916,23.184276],[113.295556,23.183677],[113.295576,23.183491],[113.295221,23.182897],[113.295193,23.182428],[113.295922,23.182144],[113.296012,23.181996],[113.296149,23.181994],[113.296118,23.182081],[113.296177,23.181905],[113.296114,23.181757],[113.295627,23.181717],[113.295473,23.180985],[113.295056,23.180714],[113.295109,23.180315],[113.294916,23.179902],[113.295144,23.179247],[113.294462,23.178817],[113.294537,23.178447],[113.29439,23.178187],[113.294491,23.177432],[113.294418,23.177048],[113.294205,23.176886],[113.2939,23.176883],[113.293533,23.177036],[113.293275,23.177331],[113.29307,23.17735],[113.292766,23.177107],[113.292551,23.176594],[113.292619,23.17641],[113.293162,23.176233],[113.293586,23.175679],[113.294615,23.175049],[113.295208,23.175161],[113.295412,23.174958],[113.295402,23.175141],[113.295816,23.175039],[113.296108,23.174646],[113.296198,23.174164],[113.29666,23.173934],[113.29672,23.173846],[113.296489,23.17344],[113.296564,23.172863],[113.296076,23.17241],[113.296051,23.172212],[113.29621,23.172119],[113.296707,23.172209],[113.297097,23.171883],[113.297335,23.171143],[113.297154,23.170703],[113.297198,23.170188],[113.29732,23.16978],[113.298238,23.168304],[113.29835,23.167473],[113.298903,23.167028],[113.299192,23.16649],[113.299376,23.166535],[113.299386,23.166708],[113.299279,23.166531],[113.300025,23.166594],[113.300178,23.166344],[113.300497,23.16638],[113.300474,23.166021],[113.300218,23.165622],[113.300687,23.164999],[113.300641,23.164261],[113.300975,23.163266],[113.300883,23.162794],[113.300716,23.162582],[113.300838,23.162207],[113.302077,23.160907],[113.303078,23.159462],[113.303407,23.159233],[113.304218,23.159074],[113.304301,23.159026],[113.304179,23.158762],[113.304837,23.158593],[113.305172,23.158388]]}},{"type":"Feature","properties":{"id":"26082feffef0","title":"白云山","type":"hiking","distance_km":8.1,"province":"广东","country":"中国"},"geometry":{"type":"LineString","coordinates":[[113.281763,23.200988],[113.281291,23.199379],[113.281535,23.199098],[113.282836,23.199263],[113.282755,23.198938],[113.282339,23.198504],[113.282314,23.198156],[113.28261,23.197858],[113.282845,23.197236],[113.283344,23.196518],[113.28367,23.196474],[113.283854,23.19606],[113.284529,23.195742],[113.284986,23.19582],[113.285356,23.196156],[113.285619,23.196162],[113.286133,23.195662],[113.286174,23.195418],[113.286,23.195189],[113.286078,23.194857],[113.28672,23.194912],[113.286918,23.194803],[113.287055,23.194444],[113.287578,23.194346],[113.287634,23.194147],[113.287137,23.193609],[113.287413,23.193391],[113.287219,23.19314],[113.287245,23.192942],[113.286969,23.19279],[113.2869,23.192355],[113.286169,23.192403],[113.28593,23.192275],[113.285904,23.192084],[113.286305,23.191977],[113.286557,23.191666],[113.287083,23.191659],[113.287704,23.191777],[113.288186,23.191726],[113.288568,23.191916],[113.288681,23.192249],[113.289248,23.192145],[113.289108,23.191725],[113.289502,23.19153],[113.289487,23.191313],[113.289404,23.191132],[113.289054,23.190906],[113.28913,23.190531],[113.288372,23.18971],[113.288497,23.18928],[113.288042,23.18881],[113.288022,23.188468],[113.288926,23.188035],[113.289874,23.187888],[113.290435,23.187433],[113.29094,23.187296],[113.291486,23.187404],[113.291556,23.187098],[113.291852,23.187104],[113.292216,23.186885],[113.292473,23.186927],[113.292526,23.186786],[113.292627,23.18689],[113.292881,23.18688],[113.293172,23.186858],[113.293322,23.18673],[113.293413,23.186869],[113.293859,23.185966],[113.2942,23.185705],[113.29375,23.185152],[113.293179,23.185006],[113.293179,23.18435],[113.29339,23.184295],[113.294253,23.184556],[113.294576,23.184246],[113.294896,23.184228],[113.295515,23.183664],[113.295535,23.183477],[113.295219,23.183114],[113.295085,23.182514],[113.295297,23.182275],[113.295908,23.182117],[113.295962,23.18194],[113.295928,23.182019],[113.296073,23.182004],[113.296121,23.1818],[113.29556,23.181635],[113.295524,23.181103],[113.295304,23.180783],[113.295027,23.180648],[113.295097,23.180268],[113.294852,23.179988],[113.294749,23.179621],[113.295111,23.179283],[113.294842,23.178925],[113.294446,23.178722],[113.294389,23.178515],[113.294544,23.178296],[113.294313,23.178121],[113.294533,23.177108],[113.294269,23.176804],[113.293746,23.1768],[113.293193,23.177242],[113.29303,23.177234],[113.292684,23.176915],[113.292501,23.176487],[113.292654,23.176228],[113.293144,23.176153],[113.293516,23.175667],[113.294565,23.174986],[113.295213,23.175115],[113.295752,23.174945],[113.295972,23.174713],[113.29618,23.17406],[113.296623,23.173785],[113.296458,23.173325],[113.296568,23.172728],[113.296034,23.172281],[113.296029,23.172094],[113.296209,23.172007],[113.296684,23.172085],[113.29715,23.17159],[113.29731,23.171091],[113.297087,23.170289],[113.297697,23.16899],[113.298137,23.168351],[113.298318,23.16738],[113.298793,23.167132],[113.299216,23.166389],[113.299386,23.166687],[113.2993,23.166545],[113.299428,23.166608],[113.299262,23.166484],[113.299223,23.166603],[113.299262,23.166419],[113.299464,23.166522],[113.299977,23.166502],[113.300118,23.16624],[113.300583,23.166123],[113.30018,23.165458],[113.300265,23.165223],[113.300633,23.164928],[113.300598,23.164176],[113.300938,23.163097],[113.300797,23.16271],[113.300789,23.16213],[113.302219,23.160571]]}},{"type":"Feature","properties":{"id":"ceca4437c5c7","title":"白云山","type":"hiking","distance_km":10.93,"province":"广东","country":"中国"},"geometry":{"type":"LineString","coordinates":[[113.281924,23.201277],[113.281321,23.19946],[113.281631,23.199143],[113.285704,23.199694],[113.288193,23.199296],[113.291532,23.199636],[113.294605,23.198747],[113.295395,23.198236],[113.296481,23.196843],[113.297163,23.196172],[113.297562,23.196161],[113.298045,23.196509],[113.298526,23.196141],[113.299352,23.196065],[113.299694,23.195821],[113.299828,23.195896],[113.299736,23.195852],[113.299712,23.195423],[113.299861,23.195224],[113.300039,23.195303],[113.29981,23.195187],[113.29969,23.194801],[113.299975,23.194056],[113.299816,23.193666],[113.299893,23.193161],[113.300249,23.193108],[113.300814,23.192674],[113.300749,23.19259],[113.300711,23.192712],[113.300624,23.192162],[113.301309,23.191785],[113.301498,23.191444],[113.302078,23.191347],[113.3025,23.191104],[113.302934,23.191015],[113.303309,23.189967],[113.303662,23.1897],[113.30423,23.189597],[113.304655,23.189326],[113.304074,23.189318],[113.303526,23.189454],[113.302772,23.189863],[113.302254,23.190362],[113.301349,23.190378],[113.300709,23.19064],[113.300414,23.191016],[113.300091,23.191078],[113.299715,23.190901],[113.299226,23.190919],[113.298414,23.190723],[113.298482,23.190224],[113.298716,23.189932],[113.298834,23.18945],[113.299177,23.189071],[113.299153,23.1885],[113.298909,23.188185],[113.298719,23.188165],[113.297589,23.18734],[113.297322,23.187418],[113.296995,23.1878],[113.296611,23.187582],[113.295985,23.187447],[113.295785,23.187563],[113.295867,23.187659],[113.295575,23.187606],[113.294648,23.187926],[113.294492,23.187789],[113.294461,23.187431],[113.294325,23.18736],[113.293884,23.187647],[113.293635,23.187623],[113.293618,23.187774],[113.293527,23.187657],[113.293372,23.187251],[113.293408,23.186956],[113.293861,23.186066],[113.294184,23.185733],[113.293734,23.185186],[113.293156,23.184992],[113.29313,23.184443],[113.293391,23.184318],[113.294256,23.184583],[113.295338,23.183869],[113.295517,23.183513],[113.295203,23.183088],[113.295086,23.182506],[113.295225,23.182339],[113.295956,23.182097],[113.296077,23.181894],[113.295998,23.181774],[113.295587,23.181683],[113.295457,23.181091],[113.295279,23.180834],[113.294979,23.180692],[113.29509,23.180294],[113.294823,23.179928],[113.295001,23.179203],[113.294819,23.178949],[113.294418,23.178788],[113.294277,23.178401],[113.294443,23.177166],[113.294187,23.176827],[113.293731,23.176839],[113.293363,23.177011],[113.293118,23.177305],[113.293002,23.177281],[113.292652,23.177008],[113.292448,23.176524],[113.292593,23.176271],[113.293041,23.176228],[113.293529,23.175651],[113.294427,23.175035],[113.295197,23.175159],[113.295805,23.174894],[113.296158,23.174085],[113.296624,23.173748],[113.296426,23.17345],[113.296504,23.172742],[113.295993,23.172273],[113.296013,23.172121],[113.296133,23.172027],[113.296585,23.172154],[113.296888,23.171957],[113.297261,23.171314],[113.297203,23.170865],[113.297392,23.170775],[113.297195,23.170756],[113.297064,23.170279],[113.295939,23.171121],[113.295491,23.171253],[113.294705,23.171219],[113.294182,23.170754],[113.293881,23.170697],[113.293881,23.170507],[113.293619,23.170532],[113.293307,23.170284],[113.292938,23.169689],[113.292026,23.168973],[113.291991,23.16883],[113.292127,23.168781],[113.292279,23.168287],[113.291884,23.168117],[113.291681,23.167895],[113.291325,23.167085],[113.291352,23.166438],[113.291604,23.166181],[113.291798,23.165474],[113.291678,23.165146],[113.291314,23.164817],[113.29108,23.16425],[113.291356,23.163543],[113.291106,23.162656],[113.291001,23.162632],[113.291003,23.161837],[113.290598,23.161241],[113.290412,23.161309],[113.290404,23.161424],[113.290017,23.161223],[113.290242,23.161054],[113.290061,23.161197],[113.290281,23.161367],[113.290515,23.161115],[113.290397,23.160784],[113.290434,23.159972],[113.289981,23.159099],[113.290258,23.158989],[113.290027,23.158407],[113.290196,23.158076],[113.289856,23.157961],[113.289955,23.157879],[113.289989,23.158105]]}},{"type":"Feature","properties":{"id":"26261ffc9e72","title":"喀拉峻环线D1鲜花台猎鹰台塔浩","type":"hiking","distance_km":20.46,"province":"新疆","country":"中国"},"geometry":{"type":"LineString","coordinates":[[82.191305,43.035677],[82.19151,43.03554],[82.19129,43.034952],[82.189726,43.032357],[82.189911,43.031373],[82.189649,43.030524],[82.191698,43.029065],[82.191525,43.027778],[82.191645,43.026746],[82.191884,43.026252],[82.192453,43.025717],[82.19253,43.025083],[82.192751,43.025205],[82.192215,43.025017],[82.192096,43.024767],[82.192759,43.025582],[82.19312,43.025561],[82.193389,43.025931],[82.194383,43.026503],[82.194658,43.026477],[82.195083,43.026217],[82.194904,43.025589],[82.195145,43.025256],[82.195138,43.024224],[82.1962,43.022011],[82.194362,43.021105],[82.194731,43.021308],[82.194854,43.021116],[82.197705,43.019559],[82.199322,43.018322],[82.200911,43.017386],[82.202651,43.016561],[82.203119,43.016066],[82.204519,43.01528],[82.204821,43.015141],[82.204751,43.015299],[82.204829,43.015143],[82.205158,43.015109],[82.206087,43.014596],[82.208148,43.01278],[82.210847,43.011722],[82.212089,43.011068],[82.214679,43.009091],[82.215979,43.008437],[82.216793,43.008202],[82.217913,43.007585],[82.219172,43.007214],[82.219394,43.00727],[82.219323,43.007389],[82.219247,43.006986],[82.219723,43.006897],[82.220136,43.006558],[82.220281,43.004678],[82.220518,43.004549],[82.219708,43.002537],[82.22057,43.002354],[82.221178,43.004147],[82.221443,43.004233],[82.221277,43.004751],[82.221433,43.005546],[82.2227,43.005577],[82.223071,43.00619],[82.224402,43.007566],[82.224801,43.008502],[82.225368,43.009085],[82.226103,43.010335],[82.226723,43.010331],[82.227697,43.010899],[82.228072,43.011523],[82.228665,43.011993],[82.228975,43.013026],[82.229608,43.01351],[82.229713,43.013797],[82.229519,43.014424],[82.228038,43.014538],[82.226644,43.014023],[82.225983,43.014024],[82.225685,43.013835],[82.225348,43.013894],[82.225034,43.013653],[82.224394,43.014394],[82.224006,43.014535],[82.221003,43.014889],[82.220686,43.01486],[82.220209,43.014499],[82.219563,43.015083],[82.218852,43.015214],[82.218597,43.01582],[82.217781,43.016612],[82.217798,43.016838],[82.218794,43.017644],[82.220609,43.018613],[82.222212,43.018914],[82.222475,43.019262],[82.223189,43.01916],[82.22354,43.019298],[82.223748,43.019588],[82.223898,43.020317],[82.223953,43.020902],[82.223773,43.021454],[82.224359,43.021911],[82.22542,43.022354],[82.225707,43.022696],[82.226452,43.023115],[82.226434,43.023638],[82.227601,43.023402],[82.227982,43.023563],[82.229201,43.023156],[82.230698,43.022862],[82.231752,43.023308],[82.232203,43.023732],[82.233592,43.023576],[82.234474,43.023782],[82.235078,43.023554],[82.235592,43.023542],[82.236349,43.023721],[82.236927,43.023523],[82.237534,43.023474],[82.237733,43.023575],[82.23844,43.0234],[82.239116,43.023536],[82.239744,43.024606],[82.240416,43.02537],[82.240807,43.026613],[82.241566,43.02692],[82.241821,43.027482],[82.242336,43.027582],[82.242763,43.027828],[82.24262,43.028394],[82.242783,43.028773],[82.242507,43.029488],[82.242736,43.029908],[82.242646,43.030393],[82.243025,43.031104],[82.244196,43.030599],[82.244307,43.030284],[82.244566,43.030148],[82.244423,43.029344],[82.245391,43.027902],[82.246469,43.027438],[82.247373,43.027396],[82.250935,43.027724],[82.253742,43.028118],[82.254988,43.028127],[82.256645,43.02831],[82.259842,43.028885],[82.261589,43.029082],[82.26428,43.029092],[82.26794,43.028877],[82.270817,43.029314],[82.273941,43.029962],[82.279335,43.030172],[82.283092,43.03122],[82.285008,43.031994],[82.286222,43.032344],[82.286786,43.032257],[82.288124,43.031688],[82.291004,43.031209],[82.292784,43.03117],[82.295748,43.030825],[82.296628,43.030937],[82.29777,43.031293],[82.298142,43.031268],[82.29895,43.030958],[82.298985,43.031079],[82.299026,43.030955],[82.299694,43.030892],[82.301233,43.030966],[82.302468,43.031284],[82.304185,43.031465],[82.307294,43.031443],[82.309038,43.031174],[82.311297,43.031094],[82.312867,43.031463],[82.313464,43.031311],[82.314853,43.03143],[82.315511,43.031158],[82.315725,43.03052],[82.316006,43.030347],[82.315927,43.030158],[82.316752,43.029716],[82.317261,43.028798],[82.317817,43.028369],[82.318422,43.028076],[82.320389,43.027484],[82.321095,43.026072],[82.322074,43.024736],[82.322492,43.023523],[82.322392,43.023196],[82.322513,43.023156],[82.322403,43.023269]]}},{"type":"Feature","properties":{"id":"ae2aeed9da78","title":"喀拉峻环线D2塔浩到云端","type":"hiking","distance_km":13.8,"province":"新疆","country":"中国"},"geometry":{"type":"LineString","coordinates":[[82.322395,43.023294],[82.322076,43.023197],[82.322268,43.023144],[82.322442,43.023289],[82.322534,43.023052],[82.324324,43.022739],[82.324981,43.022365],[82.326161,43.021937],[82.327502,43.021709],[82.33088,43.021705],[82.332082,43.021554],[82.33535,43.021865],[82.337434,43.021907],[82.337798,43.021733],[82.339547,43.021978],[82.339804,43.02223],[82.342041,43.022427],[82.343109,43.022042],[82.34413,43.022062],[82.345921,43.021729],[82.34623,43.021487],[82.346924,43.021229],[82.34805,43.020265],[82.348742,43.02019],[82.349298,43.019949],[82.349689,43.019963],[82.350409,43.020221],[82.351043,43.019874],[82.351978,43.020017],[82.352724,43.019231],[82.353252,43.018926],[82.353824,43.018812],[82.354281,43.018515],[82.354875,43.018418],[82.355785,43.018672],[82.356117,43.018428],[82.356292,43.01807],[82.356686,43.01807],[82.35662,43.017851],[82.357852,43.017762],[82.357859,43.017471],[82.358202,43.017125],[82.358846,43.01721],[82.359131,43.017124],[82.358849,43.016886],[82.358998,43.016783],[82.358929,43.016655],[82.358763,43.016519],[82.358964,43.016753],[82.358515,43.016665],[82.357965,43.016079],[82.357872,43.01502],[82.358333,43.014435],[82.358897,43.014231],[82.359347,43.014259],[82.360039,43.013663],[82.361343,43.012985],[82.361836,43.01257],[82.362295,43.012407],[82.363052,43.011701],[82.363564,43.011441],[82.363602,43.011136],[82.364259,43.010299],[82.364031,43.010276],[82.363779,43.009802],[82.363898,43.009824],[82.363766,43.009866],[82.36388,43.009869],[82.364016,43.010288],[82.364256,43.01031],[82.363415,43.011515],[82.363028,43.011709],[82.362319,43.012368],[82.361789,43.012572],[82.361287,43.012998],[82.359999,43.013666],[82.359331,43.01423],[82.358619,43.014323],[82.358465,43.014695],[82.358786,43.015665],[82.35872,43.016419],[82.358952,43.016762],[82.358818,43.016906],[82.35917,43.017095],[82.360228,43.017347],[82.361259,43.018214],[82.36164,43.018245],[82.361882,43.018503],[82.362394,43.018407],[82.362404,43.018542],[82.362684,43.018603],[82.362712,43.018863],[82.363029,43.019007],[82.365233,43.01801],[82.36602,43.019786],[82.365836,43.020982],[82.366094,43.021545],[82.36653,43.021825],[82.367115,43.021988],[82.368043,43.021803],[82.37034,43.022183],[82.371986,43.022615],[82.37223,43.022632],[82.372856,43.022393],[82.373121,43.022491],[82.373581,43.022838],[82.374877,43.024613],[82.37564,43.025097],[82.375412,43.024998],[82.375351,43.025124],[82.376111,43.02555],[82.376398,43.025848],[82.376872,43.02554],[82.377587,43.02544],[82.377193,43.026049],[82.376662,43.026425],[82.376029,43.027147],[82.37613,43.02785],[82.376625,43.0283],[82.377839,43.028537],[82.378257,43.028298],[82.37838,43.028504],[82.379473,43.028874],[82.381342,43.029293],[82.38234,43.029374],[82.383281,43.029251],[82.386127,43.02972],[82.386271,43.030115],[82.38767,43.031144],[82.389538,43.032017],[82.391453,43.032471],[82.392143,43.032777],[82.396241,43.033606],[82.397251,43.033926],[82.397682,43.034348],[82.398138,43.034519],[82.39859,43.034509],[82.399168,43.034754],[82.40076,43.034955],[82.401781,43.035534],[82.402367,43.036152],[82.40359,43.036425],[82.40473,43.0364],[82.40567,43.036088],[82.408044,43.036005],[82.409009,43.036062],[82.409897,43.036383],[82.410505,43.036278],[82.412045,43.03672],[82.41284,43.036708],[82.414269,43.036427],[82.414621,43.036821],[82.415982,43.036852],[82.417877,43.03627],[82.418096,43.035901],[82.420157,43.035182],[82.420783,43.035036],[82.421224,43.035223],[82.421521,43.035551],[82.421325,43.035421]]}},{"type":"Feature","properties":{"id":"003587da95be","title":"喀拉峻环线D3鲜花台深度","type":"hiking","distance_km":18.45,"province":"新疆","country":"中国"},"geometry":{"type":"LineString","coordinates":[[82.203524,43.036635],[82.200561,43.036009],[82.198602,43.035379],[82.195519,43.033456],[82.194988,43.033476],[82.194295,43.033673],[82.193294,43.034256],[82.192668,43.034444],[82.192194,43.034775],[82.192108,43.035003],[82.19235,43.035135],[82.191942,43.035404],[82.192591,43.034867],[82.192273,43.03496],[82.192139,43.035225],[82.191741,43.035175],[82.191996,43.035375],[82.192142,43.035047],[82.191429,43.034734],[82.190897,43.034281],[82.190134,43.032936],[82.188475,43.030702],[82.188594,43.030397],[82.187195,43.029106],[82.186485,43.028123],[82.185905,43.026638],[82.185575,43.025339],[82.186076,43.025436],[82.187369,43.025381],[82.187287,43.024661],[82.187538,43.023987],[82.188952,43.024523],[82.190005,43.02517],[82.190421,43.024954],[82.190384,43.025307],[82.190693,43.025498],[82.191183,43.024733],[82.191714,43.024218],[82.192387,43.024192],[82.193345,43.024557],[82.193578,43.024464],[82.194554,43.022534],[82.19461,43.022285],[82.193999,43.021778],[82.193881,43.021083],[82.194198,43.020534],[82.193725,43.019899],[82.194087,43.019417],[82.194,43.018906],[82.194147,43.018404],[82.194803,43.01753],[82.193757,43.016714],[82.195821,43.016382],[82.195394,43.015884],[82.193803,43.015017],[82.192229,43.013622],[82.191386,43.013214],[82.19126,43.012979],[82.191233,43.01166],[82.191623,43.011033],[82.191622,43.011161],[82.19344,43.011526],[82.194605,43.01201],[82.19544,43.012004],[82.197764,43.012899],[82.200327,43.013281],[82.201153,43.01349],[82.201623,43.013784],[82.201948,43.013313],[82.20272,43.012771],[82.202497,43.012349],[82.203192,43.012087],[82.203205,43.011789],[82.204215,43.011572],[82.204796,43.011136],[82.205043,43.010592],[82.204819,43.010082],[82.205474,43.009596],[82.205618,43.009224],[82.205537,43.009019],[82.205205,43.008918],[82.204052,43.009126],[82.202367,43.00911],[82.201785,43.008397],[82.201678,43.008046],[82.201901,43.007624],[82.203416,43.005931],[82.20314,43.003856],[82.202735,43.003057],[82.20203,43.002415],[82.201062,43.002056],[82.198032,43.001593],[82.19703,43.000576],[82.196486,43.000604],[82.19577,43.001133],[82.195245,43.0013],[82.19355,43.000803],[82.192916,43.00042],[82.191451,43.000109],[82.189375,42.999869],[82.189312,42.999309],[82.18959,42.998896],[82.19036,42.999037],[82.190985,42.998902],[82.19104,42.998743],[82.190485,42.998104],[82.190527,42.99699],[82.189905,42.996189],[82.190264,42.995637],[82.189915,42.996116],[82.190294,42.996701],[82.192905,42.997201],[82.194863,42.998095],[82.195403,42.997806],[82.196645,42.997639],[82.197248,42.995799],[82.197999,42.9961],[82.199063,42.996325],[82.200791,42.995204],[82.200824,42.994986],[82.200721,42.995089],[82.20147,42.99643],[82.203063,42.997937],[82.203453,42.998962],[82.204385,42.999658],[82.204793,43.00172],[82.205828,43.002105],[82.206953,43.002039],[82.20822,43.001096],[82.208784,43.000097],[82.208723,42.999735],[82.209377,43.001131],[82.209758,43.002525],[82.210448,43.00377],[82.210455,43.005191],[82.210841,43.005498],[82.21179,43.005624],[82.21211,43.005776],[82.212588,43.007331],[82.212884,43.007625],[82.214563,43.006591],[82.217077,43.007335],[82.219205,43.007114],[82.220073,43.006721],[82.220309,43.005155],[82.219537,43.00276],[82.218162,43.000643],[82.218212,42.99809],[82.216679,42.995923],[82.214346,42.993891],[82.213356,42.99332],[82.213186,42.992906],[82.213018,42.9929],[82.21337,42.993336],[82.21433,42.9939],[82.216671,42.995924],[82.218216,42.998099],[82.218153,43.000544],[82.219573,43.002508],[82.220287,43.004801],[82.220172,43.00647],[82.219796,43.00683]]}},{"type":"Feature","properties":{"id":"e839244b481d","title":"夏特古道入口徒步","type":"hiking","distance_km":25.94,"province":"新疆","country":"中国"},"geometry":{"type":"LineString","coordinates":[[80.791874,42.518885],[80.792451,42.518704],[80.792811,42.518826],[80.794741,42.518862],[80.796048,42.518189],[80.796302,42.517945],[80.796061,42.518005],[80.796204,42.517997],[80.796101,42.51818],[80.796651,42.518637],[80.796842,42.518574],[80.796909,42.518379],[80.797701,42.518169],[80.797737,42.51806],[80.796975,42.517207],[80.79717,42.5165],[80.796878,42.516305],[80.796871,42.515766],[80.79663,42.515387],[80.799236,42.513787],[80.8,42.512383],[80.803238,42.508905],[80.806222,42.507337],[80.810021,42.505821],[80.812598,42.503569],[80.81413,42.501657],[80.81466,42.501223],[80.815988,42.498761],[80.816269,42.497321],[80.817305,42.494515],[80.817823,42.493842],[80.818024,42.493026],[80.818537,42.492236],[80.819571,42.491167],[80.820183,42.490008],[80.821983,42.485519],[80.822627,42.483373],[80.822596,42.482728],[80.824386,42.481521],[80.825265,42.48032],[80.82581,42.479025],[80.825999,42.477438],[80.826707,42.476877],[80.828057,42.473393],[80.828363,42.472858],[80.828505,42.472854],[80.828446,42.472416],[80.828766,42.471537],[80.829548,42.470496],[80.829487,42.470311],[80.829265,42.470424],[80.830181,42.469745],[80.831156,42.468615],[80.8318,42.468375],[80.832167,42.467969],[80.832627,42.467811],[80.83304,42.467941],[80.833394,42.467679],[80.833577,42.467738],[80.834339,42.467192],[80.834333,42.466381],[80.83466,42.465847],[80.835341,42.465239],[80.835382,42.464937],[80.836655,42.463567],[80.836741,42.463184],[80.838286,42.462207],[80.839301,42.461305],[80.839925,42.460921],[80.839977,42.460714],[80.840309,42.46052],[80.84048,42.459883],[80.840629,42.459781],[80.839874,42.458122],[80.840041,42.457737],[80.840478,42.457967],[80.84049,42.458184],[80.840685,42.458189],[80.840867,42.457501],[80.8411,42.457315],[80.840692,42.458176],[80.84049,42.458143],[80.840397,42.457875],[80.840014,42.457692],[80.840462,42.456977],[80.840394,42.45678],[80.840547,42.456771],[80.840823,42.456463],[80.841023,42.456004],[80.840867,42.453266],[80.841104,42.450759],[80.841833,42.448299],[80.841949,42.44696],[80.842463,42.445362],[80.842785,42.445135],[80.842501,42.445149],[80.84259,42.444893],[80.842525,42.445132],[80.842423,42.44505],[80.842939,42.444112],[80.842891,42.443995],[80.839789,42.442706],[80.839304,42.442831],[80.838746,42.443455],[80.838727,42.443655],[80.838885,42.443768],[80.839225,42.443814],[80.840051,42.444263],[80.841843,42.444901],[80.842694,42.444614],[80.842516,42.445203],[80.841989,42.444955],[80.84174,42.44469],[80.841491,42.444762],[80.840885,42.444524],[80.840805,42.444617],[80.84085,42.444519],[80.84111,42.444584],[80.841791,42.444956],[80.84218,42.445012],[80.842707,42.445392],[80.843283,42.445367],[80.844443,42.445688],[80.844265,42.4459],[80.84416,42.447144],[80.843871,42.447379],[80.843315,42.447381],[80.842847,42.448402],[80.842365,42.450504],[80.842081,42.450954],[80.841811,42.451929],[80.84112,42.452951],[80.841062,42.454879],[80.84094,42.455027],[80.841087,42.455444],[80.840815,42.456484],[80.839683,42.458123],[80.839849,42.457872],[80.839596,42.457606],[80.839698,42.457712],[80.839639,42.457633],[80.839533,42.457705],[80.839844,42.457898],[80.840223,42.459271],[80.840612,42.459823],[80.840449,42.459883],[80.840244,42.460529],[80.839907,42.46066],[80.839468,42.461175],[80.837747,42.462561],[80.837613,42.46262],[80.837523,42.462525],[80.837404,42.462734],[80.836639,42.463212],[80.836654,42.463586],[80.836288,42.463828],[80.835999,42.464343],[80.835639,42.464647],[80.835181,42.465828],[80.83422,42.467189],[80.833011,42.467947],[80.832382,42.467836],[80.831803,42.46836],[80.831106,42.468651],[80.829298,42.47061],[80.82864,42.471551],[80.828393,42.472579],[80.827868,42.473447],[80.82742,42.474959],[80.826529,42.476703],[80.826934,42.476807],[80.827087,42.477019],[80.826938,42.477273],[80.826446,42.477302],[80.826319,42.477405],[80.82626,42.477949],[80.82668,42.478058],[80.826478,42.478494],[80.826332,42.478667],[80.825989,42.47856],[80.796615,42.518623],[80.796186,42.518345],[80.794673,42.518856],[80.7928,42.518839],[80.792408,42.518699],[80.791791,42.518866],[80.791595,42.519095],[80.791299,42.519137],[80.791352,42.519271],[80.791274,42.519177],[80.791091,42.519286],[80.790741,42.51901],[80.791046,42.518732],[80.790913,42.518636],[80.791122,42.518421],[80.790923,42.518386],[80.789059,42.519159],[80.788909,42.519121],[80.787578,42.519572],[80.786174,42.520589],[80.785685,42.52061],[80.784621,42.521304],[80.784563,42.521134],[80.784035,42.521121],[80.783848,42.521237],[80.786792,42.519893],[80.791989,42.518034],[80.791266,42.518353],[80.791156,42.518684],[80.79073,42.518991],[80.791371,42.519284],[80.791688,42.51906],[80.792032,42.519246],[80.792045,42.519374]]}},{"type":"Feature","properties":{"id":"84dd703eca16","title":"赛里木湖松鼠头","type":"hiking","distance_km":5.86,"province":"新疆","country":"中国"},"geometry":{"type":"LineString","coordinates":[[81.14165,44.502103],[81.141676,44.502257],[81.142862,44.501629],[81.142844,44.50114],[81.141558,44.50145],[81.140085,44.501511],[81.139627,44.501637],[81.138549,44.501146],[81.137877,44.50066],[81.136865,44.499587],[81.135675,44.499222],[81.135279,44.499315],[81.134995,44.499158],[81.134788,44.49921],[81.134389,44.499092],[81.133335,44.498331],[81.133216,44.497897],[81.133633,44.497558],[81.13421,44.497392],[81.134173,44.497309],[81.134197,44.497384],[81.133718,44.497486],[81.134336,44.497345],[81.133958,44.497405],[81.133614,44.49709],[81.134208,44.496452],[81.1338,44.495644],[81.133346,44.49565],[81.133588,44.495198],[81.133222,44.495179],[81.133487,44.494812],[81.133095,44.494199],[81.133378,44.49387],[81.133273,44.493829],[81.133602,44.493964],[81.133382,44.493882],[81.133435,44.493766],[81.133103,44.494217],[81.133425,44.494816],[81.133185,44.495198],[81.133543,44.495234],[81.133328,44.495664],[81.133783,44.495681],[81.134176,44.496467],[81.133098,44.497731],[81.132354,44.497802],[81.132066,44.498409],[81.13137,44.498878],[81.130893,44.499058],[81.130821,44.498817],[81.130587,44.498865],[81.129824,44.499163],[81.129146,44.499727],[81.128752,44.499882],[81.127268,44.500329],[81.126196,44.500374],[81.125869,44.500233],[81.126376,44.500378],[81.127287,44.500348],[81.129395,44.499692],[81.132516,44.500668],[81.132378,44.50051],[81.132498,44.500147],[81.13305,44.500206],[81.133938,44.499916],[81.134018,44.499536],[81.133587,44.499438],[81.133626,44.499198],[81.133928,44.498925],[81.134134,44.498915],[81.134727,44.499227],[81.135817,44.499286],[81.136874,44.499637],[81.138516,44.501163],[81.14027,44.501882],[81.140623,44.502281],[81.140874,44.502372],[81.140947,44.502546],[81.140454,44.502797],[81.140307,44.503073],[81.139608,44.50359],[81.139551,44.503794]]}},{"type":"Feature","properties":{"id":"0c2c0eafcb2e","title":"傍晚跑步","type":"running","distance_km":10.51,"province":"广东","country":"中国"},"geometry":{"type":"LineString","coordinates":[[113.397852,23.128838],[113.398091,23.128447],[113.39837,23.128387],[113.398306,23.127965],[113.396415,23.128008],[113.39619,23.1268],[113.395754,23.127009],[113.395878,23.127204],[113.395815,23.127562],[113.39489,23.12988],[113.39472,23.130856],[113.394973,23.132285],[113.395216,23.133133],[113.395581,23.133715],[113.395704,23.13432],[113.39539,23.134723],[113.395735,23.134955],[113.394764,23.136157],[113.393981,23.136708],[113.393774,23.136745],[113.393669,23.137668],[113.394167,23.138266],[113.396276,23.139284],[113.396255,23.139465],[113.396589,23.139963],[113.396511,23.140093],[113.396743,23.140594],[113.396678,23.140655],[113.397171,23.14158],[113.397236,23.142293],[113.397133,23.142902],[113.396484,23.143992],[113.396696,23.144348],[113.396053,23.145014],[113.395949,23.145491],[113.396638,23.147149],[113.397318,23.147812],[113.39751,23.149038],[113.397711,23.149211],[113.397726,23.149132],[113.39764,23.149198],[113.397801,23.149151],[113.398134,23.149691],[113.398782,23.14955],[113.399144,23.1501],[113.399799,23.150019],[113.400447,23.150204],[113.400535,23.150696],[113.400425,23.151012],[113.400571,23.151745],[113.400699,23.151884],[113.401222,23.151963],[113.401431,23.152471],[113.401447,23.152637],[113.401314,23.152735],[113.401439,23.152832],[113.4019,23.152648],[113.402525,23.152173],[113.402665,23.152303],[113.402816,23.152271],[113.40309,23.152725],[113.402943,23.152892],[113.402454,23.153083],[113.402733,23.15432],[113.402632,23.154407],[113.402604,23.153905],[113.402224,23.152737],[113.401684,23.15297],[113.401371,23.152906],[113.401183,23.15202],[113.400795,23.152013],[113.400555,23.151878],[113.400357,23.151106],[113.400452,23.150662],[113.400362,23.150244],[113.399869,23.150155],[113.400253,23.150364],[113.400518,23.150288],[113.400464,23.150123],[113.400122,23.149952],[113.399211,23.150065],[113.398908,23.149587],[113.398665,23.149495],[113.398343,23.149662],[113.398065,23.149607],[113.397806,23.149058],[113.397586,23.148079],[113.397239,23.147584],[113.396677,23.147128],[113.396525,23.146558],[113.39596,23.145439],[113.396058,23.145041],[113.396703,23.144381],[113.396557,23.144045],[113.3972,23.142926],[113.397283,23.142382],[113.397207,23.141927],[113.396938,23.141516],[113.396976,23.141205],[113.39619,23.139268],[113.395355,23.138777],[113.39419,23.138309],[113.393638,23.137454],[113.39389,23.13682],[113.394771,23.136191],[113.395385,23.135524],[113.395747,23.13489],[113.395684,23.134437],[113.39588,23.134208],[113.395702,23.134221],[113.39493,23.132026],[113.394765,23.130486],[113.395675,23.127788],[113.395871,23.12753],[113.395873,23.127163],[113.396216,23.127078],[113.396301,23.127148],[113.396357,23.128026],[113.399132,23.127893],[113.39935,23.127679],[113.399374,23.126982],[113.39886,23.126514],[113.398367,23.126477],[113.398934,23.126653],[113.398969,23.126829],[113.39931,23.126847],[113.399257,23.12772],[113.398818,23.128333],[113.398975,23.129001],[113.398732,23.129107],[113.39832,23.128964],[113.397646,23.128947],[113.397783,23.129049],[113.398654,23.129037],[113.399018,23.128918],[113.398954,23.128389],[113.398262,23.128315],[113.397881,23.128496],[113.397935,23.128708],[113.39816,23.12883],[113.398422,23.128749]]}},{"type":"Feature","properties":{"id":"c493ee57db72","title":"傍晚行走","type":"walking","distance_km":14.99,"province":"广东","country":"中国"},"geometry":{"type":"LineString","coordinates":[[113.397845,23.128692],[113.397976,23.128835],[113.398935,23.128769],[113.398974,23.12825],[113.39913,23.127954],[113.39887,23.127865],[113.396366,23.128006],[113.396274,23.127071],[113.395844,23.127152],[113.395894,23.127331],[113.395681,23.12812],[113.394896,23.130301],[113.394857,23.131272],[113.395719,23.134224],[113.395787,23.134916],[113.395414,23.135531],[113.394703,23.136293],[113.393872,23.136802],[113.3937,23.137353],[113.39375,23.137756],[113.394226,23.138298],[113.395457,23.138824],[113.396252,23.139353],[113.396379,23.139624],[113.3963,23.139785],[113.396555,23.139962],[113.396586,23.140278],[113.397289,23.141615],[113.397376,23.14261],[113.397181,23.143181],[113.396959,23.143374],[113.396739,23.143839],[113.395237,23.14497],[113.395388,23.145646],[113.395116,23.145819],[113.393728,23.147924],[113.392939,23.148613],[113.393573,23.148097],[113.393675,23.148138],[113.393607,23.148075],[113.395002,23.146038],[113.395388,23.145673],[113.395258,23.145315],[113.395009,23.145178],[113.393176,23.147668],[113.392553,23.148242],[113.392084,23.148076],[113.391457,23.148469],[113.390558,23.148742],[113.38779,23.150389],[113.387794,23.150681],[113.388398,23.152031],[113.388562,23.152161],[113.38854,23.152496],[113.388626,23.152788],[113.388727,23.152773],[113.388713,23.152595],[113.388587,23.152593],[113.388118,23.152701],[113.388125,23.152843],[113.387345,23.152845],[113.384779,23.153172],[113.384127,23.153846],[113.383743,23.154007],[113.383681,23.154372],[113.383342,23.154787],[113.382261,23.154791],[113.380722,23.154601],[113.380503,23.154652],[113.380565,23.154734],[113.379875,23.154633],[113.378466,23.154707],[113.377019,23.155964],[113.375979,23.156354],[113.375439,23.156336],[113.375496,23.156466],[113.374477,23.156744],[113.375855,23.156309],[113.376134,23.156711],[113.376021,23.156376],[113.375696,23.156345],[113.375454,23.156586],[113.375699,23.156906],[113.374899,23.155515],[113.374606,23.155431],[113.374232,23.155595],[113.374061,23.155456],[113.374093,23.155242],[113.373826,23.154577],[113.373912,23.15458],[113.37389,23.154407],[113.373226,23.153401],[113.373045,23.15269],[113.372871,23.150236],[113.373159,23.149752],[113.372983,23.149455],[113.372787,23.149362],[113.373386,23.149143],[113.373283,23.148936],[113.373373,23.148344],[113.373185,23.147615],[113.37265,23.146622],[113.372166,23.144385],[113.373104,23.141403],[113.37352,23.140833],[113.37393,23.140585],[113.376075,23.139712],[113.378273,23.139064],[113.380879,23.138525],[113.380795,23.138629],[113.380622,23.138345],[113.380567,23.137584],[113.380506,23.137896],[113.38059,23.137848],[113.380255,23.136818],[113.380255,23.136736],[113.38035,23.136825],[113.380329,23.136974],[113.379908,23.136985],[113.380036,23.136273],[113.379956,23.135846],[113.378673,23.135986],[113.378577,23.135635],[113.378151,23.135355],[113.377977,23.134705],[113.377656,23.134526],[113.37691,23.134608],[113.376768,23.133874],[113.376599,23.133628],[113.376759,23.133494],[113.376868,23.134504],[113.377597,23.134752],[113.37757,23.134608],[113.377762,23.134543],[113.381956,23.133814],[113.382926,23.13346],[113.385656,23.133093],[113.385942,23.13295],[113.388412,23.132465],[113.388835,23.132479],[113.389489,23.133543],[113.391738,23.133315],[113.391843,23.13322],[113.391843,23.132772],[113.391602,23.130613],[113.391564,23.127517],[113.391841,23.127615],[113.391875,23.127441],[113.392084,23.127397],[113.393034,23.127566],[113.39445,23.12746],[113.395353,23.127216],[113.396195,23.126806],[113.396432,23.127329],[113.396873,23.1277],[113.396891,23.127973],[113.397481,23.127902],[113.398345,23.128055],[113.398384,23.128312],[113.398054,23.128442],[113.397876,23.128958]]}},{"type":"Feature","properties":{"id":"a7c27843a4f0","title":"午后行走","type":"walking","distance_km":17.67,"province":"新疆","country":"中国"},"geometry":{"type":"LineString","coordinates":[[81.33303,43.916727],[81.32912,43.915535],[81.329138,43.915207],[81.328837,43.915094],[81.329131,43.913465],[81.329426,43.91341],[81.329562,43.913133],[81.330198,43.913263],[81.330675,43.913784],[81.330989,43.913799],[81.330396,43.913564],[81.330292,43.913479],[81.330392,43.913454],[81.330205,43.913505],[81.330415,43.913378],[81.330225,43.913574],[81.330337,43.913313],[81.330539,43.913302],[81.330322,43.913433],[81.330471,43.913465],[81.33031,43.913261],[81.330354,43.913058],[81.33022,43.913102],[81.330373,43.913196],[81.330508,43.913075],[81.330642,43.913269],[81.330382,43.913418],[81.330303,43.91331],[81.330516,43.913141],[81.329701,43.913219],[81.330084,43.913364],[81.329767,43.913307],[81.329921,43.913266],[81.329777,43.913289],[81.329943,43.91337],[81.329714,43.913321],[81.330195,43.913443],[81.329752,43.913246],[81.330402,43.913291],[81.330133,43.913394],[81.330357,43.913363],[81.330294,43.913221],[81.330097,43.913158],[81.330046,43.913383],[81.330284,43.913458],[81.330183,43.913518],[81.330431,43.91341],[81.330155,43.913111],[81.329647,43.913191],[81.330042,43.913349],[81.329895,43.913307],[81.330072,43.913352],[81.330052,43.91324],[81.329825,43.91329],[81.33024,43.913426],[81.329929,43.913321],[81.330047,43.913236],[81.330124,43.913306],[81.329687,43.913255],[81.329898,43.913187],[81.329948,43.91326],[81.32964,43.913245],[81.329751,43.913288],[81.329434,43.913151],[81.330238,43.913234],[81.329566,43.913031],[81.32958,43.912078],[81.329705,43.91205],[81.329556,43.912007],[81.329887,43.912015],[81.3299,43.912186],[81.329869,43.911978],[81.330312,43.912269],[81.33022,43.912074],[81.33044,43.91234],[81.330663,43.911634],[81.330054,43.911773],[81.329935,43.911955],[81.330118,43.911701],[81.329988,43.911731],[81.329684,43.911987],[81.329757,43.911769],[81.32929,43.910913],[81.329298,43.908937],[81.329543,43.908798],[81.329682,43.908418],[81.330125,43.908129],[81.329986,43.908029],[81.330441,43.90827],[81.330769,43.908014],[81.330972,43.907754],[81.330721,43.907406],[81.331345,43.907791],[81.331688,43.90749],[81.331788,43.907532],[81.331758,43.90762],[81.331572,43.907562],[81.33171,43.907563],[81.331598,43.907648],[81.331226,43.907445],[81.3312,43.907576],[81.330968,43.907583],[81.331159,43.907524],[81.331452,43.907643],[81.331409,43.907572],[81.331416,43.907666],[81.331092,43.90766],[81.331196,43.907838],[81.331349,43.907658],[81.331242,43.907526],[81.331105,43.907562],[81.33155,43.907544],[81.331551,43.907621],[81.331368,43.907592],[81.331633,43.907425],[81.331413,43.906978],[81.331063,43.907255],[81.331004,43.906956],[81.330665,43.906596],[81.330285,43.906658],[81.32893,43.905509],[81.328752,43.905442],[81.328369,43.905616],[81.329687,43.904847],[81.329895,43.904561],[81.329815,43.904306],[81.331522,43.903541],[81.331749,43.903857],[81.332104,43.903704],[81.332288,43.903564],[81.332236,43.903433],[81.333029,43.903147],[81.333106,43.902854],[81.333891,43.902502],[81.333688,43.902481],[81.333273,43.901957],[81.332322,43.900154],[81.330685,43.899587],[81.330747,43.899387],[81.330512,43.899031],[81.330639,43.898977],[81.330547,43.899033],[81.330741,43.899465],[81.329596,43.900131],[81.33006,43.8956],[81.330441,43.894533],[81.330883,43.893859],[81.331482,43.891527],[81.331339,43.885336],[81.331068,43.884797],[81.331204,43.884009],[81.331112,43.877484],[81.331368,43.875378],[81.331483,43.875264],[81.331777,43.875302],[81.331666,43.875112],[81.330158,43.874852],[81.32991,43.874749],[81.329892,43.874608],[81.329833,43.874703],[81.328515,43.874796],[81.327308,43.875445],[81.327794,43.875276],[81.328453,43.874829],[81.329868,43.874703],[81.329823,43.87458],[81.329948,43.874735],[81.331166,43.875046],[81.331411,43.875231],[81.331363,43.875721],[81.33153,43.876104],[81.331447,43.878656],[81.331703,43.879296],[81.331417,43.879233],[81.331245,43.879343],[81.331428,43.879255],[81.331276,43.879158],[81.33139,43.87944],[81.331644,43.879233],[81.331453,43.8795],[81.331456,43.881914],[81.328221,43.882557],[81.325635,43.882665],[81.324804,43.882812],[81.325416,43.88599],[81.325757,43.886721],[81.313883,43.887883],[81.30876,43.887559],[81.303922,43.887819],[81.303324,43.888015],[81.302641,43.887917],[81.300842,43.88803],[81.300651,43.887671],[81.300256,43.887657],[81.300067,43.887529],[81.298775,43.885553],[81.29855,43.884973],[81.298179,43.884652],[81.296437,43.885617],[81.29623,43.885607],[81.296175,43.885802],[81.291729,43.888155],[81.291218,43.888315],[81.290941,43.888235],[81.290521,43.888503],[81.289506,43.888834],[81.288562,43.889399],[81.28689,43.890094],[81.287023,43.890102],[81.286837,43.890375],[81.286366,43.890455],[81.285245,43.891164],[81.283397,43.891604],[81.282917,43.891898],[81.281468,43.892338],[81.281099,43.892384],[81.28075,43.892286],[81.280404,43.892574],[81.279851,43.892658],[81.27962,43.892851],[81.279383,43.892787],[81.278639,43.892981],[81.27861,43.892844],[81.278381,43.892759],[81.278264,43.893502],[81.278526,43.893919],[81.277883,43.89425],[81.278258,43.894163],[81.278848,43.894424],[81.27954,43.894461],[81.280227,43.894933],[81.280579,43.894959],[81.280474,43.89503],[81.280562,43.894896],[81.281288,43.89522],[81.281331,43.895128],[81.281162,43.895375],[81.281307,43.896517],[81.281675,43.896937],[81.281967,43.89708],[81.281943,43.896947],[81.282068,43.897004],[81.282128,43.897208],[81.281873,43.896796]]}},{"type":"Feature","properties":{"id":"b37c88a36d42","title":"午后行走","type":"walking","distance_km":10.89,"province":"新疆","country":"中国"},"geometry":{"type":"LineString","coordinates":[[81.126539,43.150304],[81.125396,43.150459],[81.125671,43.152414],[81.12535,43.152671],[81.125314,43.152861],[81.123689,43.153018],[81.123822,43.153343],[81.12385,43.15483],[81.123965,43.154783],[81.123733,43.155262],[81.122336,43.155496],[81.12214,43.155729],[81.120447,43.155747],[81.119829,43.155999],[81.119778,43.157668],[81.119279,43.157825],[81.117308,43.157937],[81.11719,43.158857],[81.115514,43.158957],[81.11541,43.159346],[81.114476,43.159434],[81.114394,43.159733],[81.114628,43.158613],[81.114508,43.158229],[81.114847,43.158023],[81.114474,43.157972],[81.114035,43.158111],[81.113921,43.159625],[81.113768,43.159957],[81.10117,43.177486],[81.101462,43.176806],[81.101413,43.176568],[81.113733,43.160167],[81.116698,43.159962],[81.116823,43.159452],[81.117324,43.158919],[81.117412,43.157918],[81.118545,43.157928],[81.118797,43.157902],[81.118688,43.157824],[81.11873,43.158055],[81.118739,43.157917],[81.119377,43.157832],[81.120165,43.157891],[81.120495,43.157788],[81.123702,43.15765],[81.123817,43.157525],[81.123611,43.156915],[81.123557,43.156992],[81.123297,43.156881],[81.123626,43.156994],[81.123587,43.157109],[81.123784,43.15719],[81.124361,43.157033],[81.125549,43.157004],[81.126008,43.157412],[81.125874,43.155879],[81.12555,43.155487],[81.125789,43.155226],[81.125751,43.154391],[81.124706,43.146928],[81.12519,43.147003],[81.125652,43.146919],[81.125046,43.146892],[81.124791,43.145225],[81.127375,43.144927],[81.127536,43.14523],[81.128009,43.145273],[81.128644,43.145627],[81.128609,43.14537],[81.128856,43.145206],[81.128856,43.144988],[81.128105,43.142649],[81.129837,43.142338],[81.129984,43.142468],[81.130315,43.142462]]}},{"type":"Feature","properties":{"id":"64abacaa340c","title":"午间行走","type":"walking","distance_km":18.75,"province":"新疆","country":"中国"},"geometry":{"type":"LineString","coordinates":[[87.588161,43.818329],[87.588892,43.816142],[87.590228,43.81341],[87.586793,43.812555],[87.58634,43.812314],[87.58749,43.811128],[87.588021,43.810696],[87.588214,43.810682],[87.587646,43.810527],[87.587831,43.811336],[87.588293,43.811354],[87.588414,43.811006],[87.588173,43.810578],[87.5879,43.810477],[87.58814,43.810541],[87.588795,43.810102],[87.589977,43.808874],[87.59024,43.808912],[87.590316,43.808628],[87.590654,43.808588],[87.591382,43.808858],[87.619271,43.789893],[87.618732,43.789961],[87.618325,43.789811],[87.61834,43.789476],[87.618136,43.789371],[87.616718,43.789183],[87.616678,43.789285],[87.617651,43.789264],[87.617725,43.788655],[87.617526,43.78801],[87.617732,43.787797],[87.61815,43.787725],[87.618292,43.788042],[87.618184,43.788055],[87.618296,43.788047],[87.618201,43.787794],[87.617695,43.787735],[87.617672,43.787414],[87.617511,43.787338],[87.618273,43.786357],[87.618202,43.785229],[87.618071,43.785131],[87.618472,43.784752],[87.619255,43.784665],[87.61878,43.783898],[87.618025,43.783903],[87.617844,43.78365],[87.617485,43.783577],[87.61754,43.78321],[87.617191,43.783245],[87.617213,43.783155],[87.616756,43.78305],[87.61751,43.783242],[87.617538,43.783636],[87.618338,43.783674],[87.618713,43.783626],[87.618551,43.783041],[87.617615,43.783059],[87.618308,43.78307],[87.618706,43.782972],[87.618771,43.782847],[87.61854,43.782665],[87.617802,43.78118],[87.617325,43.780705],[87.61733,43.780457],[87.616958,43.780215],[87.616198,43.778818],[87.616222,43.778273],[87.615977,43.778133],[87.616465,43.778245],[87.616468,43.778468],[87.616791,43.778408],[87.616673,43.778275],[87.616837,43.778218],[87.616069,43.778253],[87.616339,43.778175],[87.616337,43.778272],[87.615689,43.778356],[87.615526,43.778237],[87.615055,43.778262],[87.614993,43.778394],[87.615132,43.778516],[87.614526,43.77856],[87.614837,43.778624],[87.615096,43.778967],[87.615362,43.779045],[87.614898,43.779075],[87.615858,43.780009],[87.615399,43.779981],[87.615388,43.779712],[87.614761,43.780093],[87.616189,43.781455],[87.616039,43.781716],[87.616763,43.782378],[87.617043,43.783166],[87.616893,43.78391],[87.614214,43.784116],[87.615402,43.784415],[87.616156,43.784802],[87.616312,43.784771],[87.61635,43.784892],[87.616397,43.78481],[87.615895,43.784801],[87.615878,43.784564],[87.616011,43.784558],[87.615057,43.784023],[87.613604,43.783987],[87.609759,43.784562],[87.609352,43.784745],[87.607923,43.784671],[87.602852,43.785118],[87.603,43.784951],[87.602953,43.784526],[87.602588,43.783937],[87.602506,43.783216],[87.602353,43.78323],[87.602486,43.78318],[87.60235,43.782691],[87.601963,43.782128],[87.60224,43.781965],[87.602158,43.782132],[87.602034,43.781999],[87.60171,43.78109],[87.601024,43.7813],[87.601083,43.78137],[87.600032,43.781468],[87.599891,43.781016],[87.601978,43.786975],[87.601651,43.786948],[87.585494,43.799904],[87.584613,43.799696],[87.583911,43.799746],[87.583321,43.799641],[87.582398,43.79928],[87.582255,43.799388],[87.580162,43.798573],[87.579593,43.798589],[87.579231,43.797845],[87.579381,43.797688],[87.578646,43.797011],[87.576695,43.797938],[87.575991,43.798623],[87.575781,43.798678],[87.573585,43.798172],[87.571108,43.798027],[87.570526,43.797871],[87.571364,43.798064],[87.573493,43.798201],[87.575802,43.798682],[87.576011,43.798612],[87.57664,43.797926],[87.578657,43.797026],[87.57925,43.797528],[87.579238,43.7979],[87.579701,43.798628],[87.580271,43.798611],[87.583227,43.799755],[87.584842,43.799963],[87.585288,43.799914],[87.586651,43.800219],[87.587306,43.801301],[87.588815,43.80301],[87.589081,43.803726],[87.588968,43.804622],[87.589268,43.805071]]}}]}